disease_id,disease_name,disease_name_hi,disease_name_gu,category,category_icon,priority,icd_code,communicable,outbreak_prone,specialist,urgency,symptoms,medicines,tests,diet
CVD001,Hypertension (High Blood Pressure),हाई ब्लड प्रेशर / उच्च रक्तचाप (Hypertension),હાઈ બ્લડ પ્રેશર (Hypertension),Cardiovascular Diseases,,Very High,I10,False,False,Cardiologist / General Physician,Moderate Attention (Regular Monitoring),"['Headache', 'Dizziness', 'Shortness of breath', 'Chest discomfort', 'Blurred vision', 'Fatigue']","['Amlodipine 5mg', 'Telmisartan 40mg', 'Hydrochlorothiazide 12.5mg']","['Blood Pressure Monitoring', 'Lipid Profile', 'ECG', 'Serum Creatinine']","Low sodium DASH diet, high potassium fruits, avoid processed and salty foods."
CVD002,Ischemic Heart Disease (IHD),इस्केमिक हृदय रोग (Ischemic Heart Disease),ઇસ્કેમિક હૃદય રોગ (IHD),Cardiovascular Diseases,,Very High,I25.9,False,False,Cardiologist,Urgent Clinical Attention,"['Chest pain (Angina)', 'Shortness of breath', 'Pain radiating to left arm/jaw', 'Cold sweat', 'Dizziness']","['Aspirin 75mg', 'Atorvastatin 20mg', 'Sorbitrate (Isosorbide Dinitrate)', 'Metoprolol 25mg']","['12-Lead ECG', 'Troponin I/T', '2D Echocardiogram', 'Coronary Angiography']","Low fat, zero trans-fat heart-healthy Mediterranean diet with nuts and fiber."
CVD003,Coronary Artery Disease (CAD),कोरोनरी आर्टरी रोग (Coronary Artery Disease),કોરોનરી આર્ટરી ડિસીઝ (CAD),Cardiovascular Diseases,,Very High,I25.1,False,False,Cardiologist,Urgent Clinical Attention,"['Chest tightness', 'Shortness of breath with exertion', 'Fatigue', 'Heart palpitations']","['Clopidogrel 75mg', 'Atorvastatin 40mg', 'Rosuvastatin 10mg']","['CT Coronary Angiogram', 'Lipid Profile', 'ECG', 'TMT Stress Test']","Strict low cholesterol, rich in garlic, omega-3, leafy greens and oats."
CVD004,Acute Myocardial Infarction (Heart Attack),हार्ट अटैक / मायोकार्डियल इन्फ्रक्शन (Heart Attack),હાર્ટ એટેક (Heart Attack),Cardiovascular Diseases,,Very High,I21.9,False,False,Interventional Cardiologist / Emergency Physician,Critical / Emergency Immediate Hospitalization,"['Severe crushing chest pain', 'Pain radiating to jaw, neck, left arm', 'Shortness of breath', 'Cold sweating', 'Nausea', 'Fainting']","['Aspirin 300mg chewable', 'Clopidogrel 300mg', 'Atorvastatin 80mg', 'Sublingual Nitroglycerin']","['Emergency 12-Lead ECG', 'High-Sensitivity Troponin-T/I', 'Emergency Angiography']",Emergency cardiac protocol; post-stabilization strict cardiac rehabilitation diet.
CVD005,Heart Failure,हार्ट फेलियर (Heart Failure),હાર્ટ ફેલિયર (Heart Failure),Cardiovascular Diseases,,High,I50.9,False,False,Cardiologist,Urgent Clinical Attention,"['Shortness of breath while lying flat (Orthopnea)', 'Swollen legs/ankles (Edema)', 'Rapid weight gain', 'Extreme fatigue']","['Furosemide (Lasix) 40mg', 'Spironolactone 25mg', 'Sacubitril/Valsartan', 'Dapagliflozin 10mg']","['NT-proBNP Serum Marker', 'Echocardiogram (EF Calculation)', 'Chest X-Ray']","Strict fluid restriction (< 1.5 L/day), strict low salt (< 2g/day)."
CVD006,Stroke (Cerebrovascular Accident),स्ट्रोक / लकवा / पक्षाघात (Brain Stroke),બ્રેઈન સ્ટ્રોક / લકવો (Stroke),Cardiovascular Diseases,,Very High,I64,False,False,Neurologist / Emergency Stroke Team,Critical / Emergency Immediate Hospitalization,"['Sudden facial drooping', 'Arm weakness or numbness', 'Slurred speech / difficulty speaking', 'Sudden severe headache', 'Loss of balance']","['tPA Thrombolysis (Within 4.5h window)', 'Aspirin 150mg', 'Atorvastatin 40mg', 'Mannitol']","['Emergency Non-Contrast Brain CT Scan', 'Brain MRI / MRA', 'Carotid Doppler']","Swallowing-safe soft diet, low sodium, neuro-protective nutrition."
CVD007,Cerebrovascular Disease,सेरेब्रोवास्कुलर रोग (Cerebrovascular Disease),સેરેબ્રોવાસ્ક્યુલર ડિસીઝ,Cardiovascular Diseases,,Very High,I67.9,False,False,Neurologist,Specialist Consultation,"['Transient ischemic attacks (Mini-strokes)', 'Memory decline', 'Dizziness', 'Visual disturbances']","['Clopidogrel 75mg', 'Atorvastatin 20mg', 'Cilostazol']","['Brain MRI MRA', 'Carotid Ultrasound', 'Lipid Profile']","Low sodium, plant-forward antioxidant diet."
CVD008,Rheumatic Heart Disease (RHD),रुमेटिक हृदय रोग (Rheumatic Heart Disease),રૂમેટિક હાર્ટ ડિસીઝ (RHD),Cardiovascular Diseases,,High,I09.9,False,False,Cardiologist,Specialist Consultation,"['History of sore throat / fever', 'Heart murmur', 'Joint pain and swelling', 'Shortness of breath']","['Benzathine Penicillin G (Prophylaxis)', 'Digoxin', 'Diuretics']","['ASO Titre Test', '2D Echocardiogram (Valvular assessment)', 'ECG']","Well-balanced protein and micronutrient diet, monitor salt."
CVD009,Congenital Heart Disease (CHD),जन्मजात हृदय रोग (Congenital Heart Disease),જન્મજાત હૃદય રોગ (CHD),Cardiovascular Diseases,,Medium,Q24.9,False,False,Pediatric Cardiologist,Specialist Consultation,"['Cyanosis (Bluish skin/lips)', 'Poor feeding in infants', 'Fast breathing', 'Heart murmur', 'Failure to thrive']","['Diuretics', 'Digoxin', 'Sildenafil (if pulmonary hypertension)']","['Pediatric Echocardiogram', 'Pulse Oximetry', 'Chest X-Ray']","Calorie-dense nutrition, frequent small feedings for infants."
CVD010,Peripheral Artery Disease (PAD),पेरिफेरल आर्टरी रोग (Peripheral Artery Disease),પેરિફેરલ આર્ટરી ડિસીઝ (PAD),Cardiovascular Diseases,,Medium,I73.9,False,False,Vascular Surgeon / Cardiologist,Specialist Consultation,"['Painful leg cramping while walking (Claudication)', 'Cold legs/feet', 'Weak pulse in legs', 'Hair loss on legs']","['Cilostazol 100mg', 'Aspirin 75mg', 'Atorvastatin 40mg']","['Ankle-Brachial Index (ABI)', 'Arterial Doppler Ultrasound of Legs']","Smoking cessation, low saturated fat diet, structured walking exercise."
CVD011,Cardiomyopathy (Dilated / Hypertrophic),कार्डियोमायोपैथी (Cardiomyopathy),કાર્ડિયોમાયોપેથી (Cardiomyopathy),Cardiovascular Diseases,,Medium,I42.9,False,False,Cardiologist,Specialist Consultation,"['Breathlessness', 'Chest pain', 'Fainting episodes (Syncope)', 'Palpitations', 'Swollen abdomen and legs']","['Beta Blockers (Bisoprolol)', 'ACE Inhibitors', 'Spironolactone']","['Cardiac MRI', '2D Echo with Strain Imaging', 'Holter Monitor 24h']","Low sodium, avoid strenuous unmonitored exertion."
CAN001,Breast Cancer,स्तन कैंसर (Breast Cancer),સ્તન કેન્સર (Breast Cancer),Cancer & Oncology,,Very High,C50.9,False,False,Surgical / Medical Oncologist,Urgent Oncology Consultation,"['Painless breast lump or thickening', 'Change in breast shape/size', 'Nipple discharge (bloody/clear)', 'Skin dimpling', 'Swollen underarm lymph nodes']","['Tamoxifen 20mg', 'Anastrozole 1mg', 'Trastuzumab', 'Chemotherapy (Doxorubicin/Paclitaxel)']","['Digital Bilateral Mammography', 'Breast Ultrasound', 'Tru-Cut Biopsy / FNAC', 'ER/PR/HER2 IHC Panel']","Antioxidant-rich whole foods, cruciferous vegetables (broccoli), zero alcohol."
CAN002,Cervical Cancer,गर्भाशय ग्रीवा का कैंसर (Cervical Cancer),ગર્ભાશયના મુખનું કેન્સર (Cervical Cancer),Cancer & Oncology,,Very High,C53.9,False,False,Gynaecological Oncologist,Urgent Oncology Consultation,"['Abnormal vaginal bleeding between periods', 'Post-coital bleeding', 'Foul-smelling vaginal discharge', 'Pelvic pain']","['Cisplatin', 'Paclitaxel', 'Carboplatin', 'Bevacizumab']","['Pap Smear Screening', 'HPV DNA High-Risk Testing', 'Colposcopy with Directed Biopsy', 'Pelvic MRI']","High folate and carotenoid foods (spinach, carrots, citrus fruits)."
CAN003,Oral / Mouth Cancer,मुंह का कैंसर (Oral / Mouth Cancer),મોંનું કેન્સર (Oral Cancer),Cancer & Oncology,,Very High,C06.9,False,False,Head & Neck Oncosurgeon,Urgent Oncology Consultation,"['Non-healing mouth ulcer (> 2 weeks)', 'White/red patches in mouth (Leukoplakia)', 'Difficulty chewing/swallowing', 'Lump in neck/jaw', 'Restricted mouth opening']","['Chemotherapy (Cisplatin + 5-FU)', 'Cetuximab', 'Pain management (Morphine/Tramadol)']","['Incisional Biopsy of Oral Lesion', 'CT / MRI Neck and Face', 'PET-CT Whole Body']","Soft non-spicy nutrient-dense diet; immediate cessation of tobacco, betel nut (Gutkha), and smoking."
CAN004,Lung Cancer,फेफड़ों का कैंसर (Lung Cancer),ફેફસાંનું કેન્સર (Lung Cancer),Cancer & Oncology,,Very High,C34.9,False,False,Thoracic Medical Oncologist / Pulmonologist,Urgent Oncology Consultation,"['Persistent chronic cough (> 3 weeks)', 'Coughing up blood (Hemoptysis)', 'Shortness of breath', 'Unexplained weight loss', 'Chest pain', 'Hoarseness']","['Osimertinib / Gefitinib (EGFR+)', 'Pembrolizumab (Immunotherapy)', 'Carboplatin + Pemetrexed']","['High-Resolution CT (HRCT) Chest', 'Bronchoscopy with EBUS-TBNA Biopsy', 'EGFR / ALK / ROS1 Genetic Panel']","High calorie, high protein anti-inflammatory diet."
CAN005,Colorectal Cancer (Colon & Rectal),कोलोरेक्टल / आंतों का कैंसर (Colorectal Cancer),મોટા આંતરડાનું કેન્સર (Colorectal Cancer),Cancer & Oncology,,High,C18.9,False,False,Gastrointestinal Oncologist,Urgent Oncology Consultation,"['Blood in stool (Dark red or bright red)', 'Persistent change in bowel habits (Diarrhea/Constipation)', 'Unexplained weight loss', 'Abdominal cramps', 'Iron deficiency anemia']","['FOLFOX / FOLFIRI Regimens', 'Capecitabine', 'Bevacizumab']","['Full Colonoscopy with Biopsy', 'Fecal Occult Blood Test (FOBT)', 'Serum CEA Tumor Marker', 'Abdominal CT']","High soluble fiber, avoid red meat and ultra-processed cured meats."
CAN006,Stomach / Gastric Cancer,पेट का कैंसर (Stomach / Gastric Cancer),જઠરનું કેન્સર (Stomach Cancer),Cancer & Oncology,,High,C16.9,False,False,GI Surgical Oncologist,Urgent Oncology Consultation,"['Persistent indigestion and heartburn', 'Early satiety (feeling full after small bites)', 'Vomiting blood or coffee-ground vomit', 'Black tarry stools (Melena)', 'Weight loss']","['FLOT Chemotherapy Regimen', 'Trastuzumab (if HER2+)', 'Capecitabine + Oxaliplatin']","['Upper GI Endoscopy with Biopsy', 'CT Abdomen & Pelvis', 'H. pylori Testing']","Small frequent bland meals, avoid salty preserved foods and pickled items."
CAN007,Liver Cancer (Hepatocellular Carcinoma),लिवर कैंसर (Liver Cancer / HCC),લિવર કેન્સર (Liver Cancer),Cancer & Oncology,,High,C22.0,False,False,Hepatologist / Hepato-Biliary Oncosurgeon,Urgent Oncology Consultation,"['Right upper quadrant abdominal pain', 'Severe jaundice', 'Swelling of abdomen (Ascites)', 'Unexplained weight loss and fatigue', 'Enlarged hard liver (Hepatomegaly)']","['Atezolizumab + Bevacizumab', 'Sorafenib / Lenvatinib 4mg/8mg']","['Serum Alpha-Fetoprotein (AFP)', 'Triple Phase Contrast CT Abdomen / MRI', 'Liver Biopsy']","Low sodium (< 2g/day), adequate clean protein, zero alcohol."
CAN008,Prostate Cancer,प्रोस्टेट कैंसर (Prostate Cancer),પ્રોસ્ટેટ કેન્સર (Prostate Cancer),Cancer & Oncology,,High,C61,False,False,Uro-Oncologist,Specialist Oncology Consultation,"['Difficulty starting or stopping urination', 'Weak or interrupted urine flow', 'Frequent urination especially at night', 'Blood in urine or semen', 'Bone pain in hips/lower back']","['Bicalutamide 50mg', 'Leuprolide / Goserelin Injections (Androgen Deprivation)', 'Enzalutamide']","['Serum Prostate-Specific Antigen (Total & Free PSA)', 'Digital Rectal Examination (DRE)', 'Multiparametric Prostate MRI (mpMRI)', 'TRUS-Guided Biopsy']","Lycopene-rich foods (cooked tomatoes), green tea, pomegranate, cruciferous vegetables."
CAN009,Ovarian Cancer,अंडाशय का कैंसर (Ovarian Cancer),અંડાશયનું કેન્સર (Ovarian Cancer),Cancer & Oncology,,High,C56.9,False,False,Gynaecological Oncologist,Urgent Oncology Consultation,"['Persistent abdominal bloating and swelling', 'Quickly feeling full when eating', 'Pelvic and lower abdominal pain', 'Frequent urgent need to urinate', 'Fatigue and weight loss']","['Carboplatin + Paclitaxel', 'PARP Inhibitors (Olaparib)', 'Bevacizumab']","['Serum CA-125 Tumor Marker', 'Transvaginal Ultrasound (TVS)', 'CECT Abdomen and Pelvis', 'BRCA1 / BRCA2 Genetic Testing']",High protein wholesome anti-inflammatory nutrition.
CAN010,Esophageal / Food Pipe Cancer,भोजन नली का कैंसर (Esophageal Cancer),અન્નનળીનું કેન્સર (Esophageal Cancer),Cancer & Oncology,,High,C15.9,False,False,GI Surgical Oncologist,Urgent Oncology Consultation,"['Progressive difficulty swallowing (Dysphagia - solids first, then liquids)', 'Painful swallowing (Odynophagia)', 'Chest pain or burning sensation', 'Regurgitation of food', 'Significant weight loss']","['Chemotherapy (CROSS Regimen: Paclitaxel + Carboplatin)', 'Radiation therapy', 'Pain management']","['Upper GI Endoscopy with Biopsy', 'Barium Swallow X-Ray', 'CT Chest and Abdomen', 'Endoscopic Ultrasound (EUS)']","Soft, pureed, high-calorie liquid nutrition; avoid hot beverages and irritants."
CAN014,Thyroid Cancer,थायरॉइड कैंसर (Thyroid Cancer),થાઇરોઇડ કેન્સર (Thyroid Cancer),Cancer & Oncology,,Medium,C73,False,False,Endocrine Surgeon / Oncosurgeon,Specialist Consultation,"['Painless growing lump/nodule in front of neck', 'Hoarseness of voice (Vocal cord palsy)', 'Difficulty swallowing or breathing', 'Swollen neck lymph nodes']","['Levothyroxine (TSH suppression therapy)', 'Radioactive Iodine (RAI - I-131)', 'Lenvatinib / Sorafenib']","['High-Resolution Neck Ultrasound', 'USG-Guided FNAC (Fine Needle Aspiration)', 'Serum Thyroglobulin', 'Serum Calcitonin (for Medullary)']",Iodine-adjusted diet depending on radioactive iodine therapy timing.
CAN015,Leukemia (Blood Cancer),ब्लड कैंसर / ल्यूकेमिया (Leukemia / Blood Cancer),બ્લડ કેન્સર / લ્યુકેમિયા (Blood Cancer),Cancer & Oncology,,Very High,C95.9,False,False,Hematologist / Hemato-Oncologist,Critical / Urgent Hemato-Oncology Hospitalization,"['Severe unexplained fatigue & pallor', 'Frequent recurrent infections & fever', 'Easy bruising and petechial bleeding', 'Bleeding gums / nosebleeds', 'Unexplained weight loss & night sweats', 'Bone and joint pain', 'Swollen lymph nodes and spleen (Splenomegaly)']","['Imatinib / Dasatinib (for CML)', 'Cytarabine + Daunorubicin (for AML)', 'Supportive blood products (Platelets/PRBC)', 'Piperacillin-Tazobactam']","['Complete Blood Count (CBC) with Peripheral Blood Smear (PBS)', 'Bone Marrow Aspiration & Biopsy', 'Flow Cytometry Immunophenotyping', 'Cytogenetics (Philadelphia Chromosome / BCR-ABL PCR)']","Strict neutropenic diet (well-cooked food, boiled water, strictly peel all fruits, zero raw salads)."
CAN016,Lymphoma (Hodgkin / Non-Hodgkin),लिम्फोमा कैंसर (Lymphoma),લિમ્ફોમા કેન્સર (Lymphoma),Cancer & Oncology,,High,C85.9,False,False,Hemato-Oncologist,Urgent Oncology Consultation,"['Painless enlarged lymph nodes in neck, armpit or groin', 'Drenching night sweats', 'Unexplained high fever (Pel-Ebstein fever)', 'Unexplained weight loss (> 10% in 6 months)', 'Severe generalized itching (Pruritus)']","['ABVD Regimen (for Hodgkin)', 'R-CHOP Regimen (for Non-Hodgkin)', 'Rituximab']","['Excisional Whole Lymph Node Biopsy with Histopathology', 'Whole Body PET-CT Scan', 'Bone Marrow Biopsy']","High protein, balanced clean wholesome diet."
CAN017,Multiple Myeloma (Bone Marrow Plasma Cancer),मल्टीपल मायलोमा (Multiple Myeloma),મલ્ટીપલ માયલોમા (Multiple Myeloma),Cancer & Oncology,,Medium,C90.0,False,False,Hemato-Oncologist,Specialist Oncology Consultation,"['Persistent deep bone pain (especially spine, ribs, hips)', 'Pathological bone fractures', 'Unexplained kidney failure', 'High blood calcium (Hypercalcemia)', 'Fatigue and anemia (CRAB criteria)']","['Bortezomib (Velcade)', 'Lenalidomide 10mg/25mg', 'Dexamethasone', 'Bisphosphonates (Zoledronic Acid)']","['Serum Protein Electrophoresis (SPEP - M Band)', 'Serum Free Light Chains (Kappa/Lambda)', 'Bone Marrow Biopsy', 'Whole Body Low-Dose CT (Skeletal Survey)']","High hydration (minimum 3 liters/day to protect kidneys), avoid nephrotoxic NSAIDs."
CAN018,Brain / CNS Tumor,ब्रेन ट्यूमर / मस्तिष्क कैंसर (Brain Tumor),બ્રેઈન ટ્યુમર / મગજનું કેન્સર (Brain Tumor),Cancer & Oncology,,High,C71.9,False,False,Neurosurgeon / Neuro-Oncologist,Urgent Neurosurgical Consultation,"['New onset severe morning headaches with vomiting', 'New onset seizures / fits (Epileptic convulsions)', 'Progressive limb weakness or paralysis on one side', 'Vision loss or double vision', 'Personality and memory changes']","['Dexamethasone (to reduce brain edema)', 'Levetiracetam (Keppra) 500mg', 'Temozolomide', 'Mannitol']","['Brain MRI with Contrast (Spectroscopy)', 'Brain CT Scan', 'Stereotactic Brain Biopsy']","Anti-inflammatory, ketogenic or low glycemic index nutrition under clinical supervision."
CAN019,Bone Cancer (Osteosarcoma / Ewing Sarcoma),हड्डियों का कैंसर (Bone Cancer / Osteosarcoma),હાડકાંનું કેન્સર (Bone Cancer),Cancer & Oncology,,Medium,C40.9,False,False,Orthopaedic Oncosurgeon,Urgent Oncology Consultation,"['Persistent deep bone pain worsening at night', 'Visible firm swelling/lump on bone', 'Limping or difficulty bearing weight', 'Pathological fracture from trivial injury']","['MAP Regimen (Methotrexate, Doxorubicin, Cisplatin)', 'Ifosfamide + Etoposide', 'Pain relief analgesics']","['X-Ray of Affected Bone (Sunburst / Onion-skin appearance)', 'MRI of Affected Limb', 'Core Needle Bone Biopsy', 'Chest CT (to rule out lung metastasis)']","High calcium, vitamin D, and high calorie-protein diet for tissue healing."
MET001,Type 1 Diabetes Mellitus,टाइप 1 डायबिटीज (Type 1 Diabetes),ટાઈપ 1 ડાયાબિટીસ (Type 1 Diabetes),Diabetes & Metabolic Diseases,,High,E10.9,False,False,Endocrinologist / Diabetologist,Urgent Clinical Attention (Risk of DKA),"['Excessive thirst (Polydipsia)', 'Frequent urination (Polyuria)', 'Extreme hunger (Polyphagia)', 'Rapid unexplained weight loss', 'Fruity breath odor (Ketones)', 'Fatigue and blurred vision']","['Insulin Glargine / Degludec (Basal)', 'Insulin Aspart / Lispro (Bolus Rapid)', 'Continuous Glucose Monitoring (CGM)']","['Fasting Blood Sugar & PPBS', 'HbA1c Glycated Hemoglobin', 'C-Peptide Fasting', 'Anti-GAD Antibodies', 'Urine Ketones']","Strict carbohydrate counting, complex low-GI carbs, structured meal timing."
MET002,Type 2 Diabetes Mellitus,टाइप 2 डायबिटीज / मधुमेह (Type 2 Diabetes),ટાઈપ 2 ડાયાબિટીસ (Type 2 Diabetes),Diabetes & Metabolic Diseases,,Very High,E11.9,False,False,Diabetologist / Physician,Specialist Consultation (Ongoing Care),"['Increased thirst & urination', 'Slow healing wounds / sores', 'Tingling / numbness in feet (Neuropathy)', 'Frequent fungal infections', 'Blurry vision', 'Chronic fatigue']","['Metformin 500mg / 1000mg', 'Glimepiride 1mg/2mg', 'Dapagliflozin / Empagliflozin 10mg', 'Teneligliptin 20mg']","['Fasting Blood Glucose', 'Post-Prandial Blood Glucose', 'HbA1c (Target < 7.0%)', 'Urine Microalbumin/Creatinine Ratio']","Millets (Ragi, Jowar, Bajra), high dietary fiber, green vegetables, zero refined sugars, daily 30-min brisk walk."
MET003,Gestational Diabetes Mellitus (GDM),गर्भावस्था में डायबिटीज (Gestational Diabetes),ગર્ભાવસ્થામાં ડાયાબિટીસ (GDM),Diabetes & Metabolic Diseases,,High,O24.4,False,False,Obstetrician & Endocrinologist,Specialist Consultation,"['High blood sugar detected during pregnancy screening', 'Excessive thirst', 'Frequent urination', 'Excessive fetal growth on ultrasound']","['Human Insulin (Regular/NPH)', 'Metformin (under specialist guidance)']","['Oral Glucose Tolerance Test (OGTT 75g)', 'Fasting and Post-Meal Blood Glucose', 'Obstetric Ultrasound (Fetal Wellbeing)']",Balanced low-GI maternal meal plan divided into 3 main meals and 3 healthy snacks.
MET005,Obesity & Metabolic Syndrome,मोटापा और मेटाबोलिक सिंड्रोम (Obesity & Metabolic Syndrome),સ્થૂળતા અને મેટાબોલિક સિન્ડ્રોમ (Obesity),Diabetes & Metabolic Diseases,,High,E66.9,False,False,Bariatric / Metabolic Physician,Lifestyle & Clinical Consultation,"['Excessive visceral abdominal fat', 'BMI >= 25 kg/m2 (Asian Indian criteria)', 'Breathlessness with minor activity', 'Joint pain in knees/back', 'Snoring and daytime sleepiness']","['Semaglutide / Tirzepatide (under prescription)', 'Orlistat 120mg']","['Lipid Profile', 'Fasting Glucose & Insulin Resistance (HOMA-IR)', 'Liver Function Test', 'Thyroid Profile (TSH)']","Caloric deficit diet (-500 kcal/day), high protein, intermittent fasting, structured strength & aerobic training."
MET007,Non-Alcoholic Fatty Liver Disease (NAFLD / MASLD),फैटी लिवर रोग (Fatty Liver Disease),ફેટી લિવર રોગ (NAFLD),Diabetes & Metabolic Diseases,,High,K76.0,False,False,Gastroenterologist / Hepatologist,Specialist Consultation,"['Mild right upper abdomen discomfort', 'General fatigue', 'Abdominal bloating', 'Metabolic syndrome features']","['Saroglitazar 4mg', 'Vitamin E 400IU', 'Ursodeoxycholic Acid (UDCA) 300mg']","['Liver Function Test (SGOT/SGPT)', 'Abdominal Ultrasound', 'FibroScan (Transient Elastography)', 'Lipid Profile']","Target 7-10% weight reduction, Mediterranean diet, eliminate all sugary beverages, fructose, and fried snacks."
MET008,Dyslipidemia & Hypercholesterolemia,हाई कोलेस्ट्रॉल / डिस्लिपिडेमिया (High Cholesterol),હાઈ કોલેસ્ટ્રોલ (Dyslipidemia),Diabetes & Metabolic Diseases,,High,E78.5,False,False,Physician / Cardiologist,Specialist Consultation,"['Asymptomatic in early stages', 'Yellowish fatty deposits around eyes (Xanthelasma)', 'Chest pain on exertion (if advanced atherosclerosis)']","['Atorvastatin 10mg/20mg', 'Rosuvastatin 10mg', 'Ezetimibe 10mg', 'Fenofibrate (for high triglycerides)']","['Fasting Lipid Profile (Total Cholesterol, LDL, HDL, Triglycerides)', 'ApoB / Lipoprotein(a)']","Zero trans fats, rich in soluble fiber (psyllium husk, oats, legumes), walnuts, flaxseeds, olive/mustard oil."
RES001,Chronic Obstructive Pulmonary Disease (COPD),सीओपीडी / क्रॉनिक ऑब्सट्रक्टिव पल्मोनरी डिजीज (COPD),સીઓપીડી (COPD),Respiratory Diseases,,Very High,J44.9,False,False,Pulmonologist / Chest Physician,Urgent Clinical Attention,"['Chronic progressive shortness of breath', 'Chronic morning cough with mucus', 'Wheezing and chest tightness', 'Frequent respiratory infections', 'Low blood oxygen levels']","['Tiotropium Inhaler (LAMA)', 'Formoterol + Budesonide Inhaler', 'Salbutamol MDI (SOS Rescue)', 'Home Oxygen Therapy']","['Spirometry / Pulmonary Function Test (PFT with Reversibility)', 'Chest X-Ray / HRCT', 'Arterial Blood Gas (ABG)', 'Pulse Oximetry']",Small frequent high-protein meals; stay well hydrated to thin mucus; avoid indoor smoke/chulha.
RES002,Bronchial Asthma,अस्थमा / दमा (Asthma),અસ્થમા / દમ (Asthma),Respiratory Diseases,,Very High,J45.9,False,False,Pulmonologist / Allergist,Urgent Clinical Attention,"['Recurrent wheezing', 'Breathlessness triggered by cold/dust/pollen', 'Nighttime or early morning cough', 'Chest tightness']","['Budesonide + Formoterol Inhaler (Foracort)', 'Levosalbutamol Inhaler (Asthalin SOS)', 'Montelukast 10mg']","['Spirometry with Bronchodilator Challenge', 'Fractional Exhaled Nitric Oxide (FeNO)', 'Total Serum IgE & Absolute Eosinophil Count (AEC)']","Avoid cold foods/beverages, keep home dust-free, practice pranayama/breathing exercises."
RES003,Pneumonia (Bacterial / Viral),निमोनिया (Pneumonia),ન્યુમોનિયા (Pneumonia),Respiratory Diseases,,Very High,J18.9,True,False,Pulmonologist / General Physician,Urgent Clinical Attention,"['High fever with shaking chills', 'Cough with yellow/green phlegm', 'Sharp chest pain on breathing (Pleuritic)', 'Rapid shallow breathing', 'Extreme fatigue and low SpO2']","['Amoxicillin + Clavulanate (Augmentin) 625mg', 'Azithromycin 500mg', 'Ceftriaxone IV', 'Paracetamol 650mg']","['Chest X-Ray PA View', 'Complete Blood Count (Leukocytosis)', 'Sputum Culture & Sensitivity', 'Serum CRP / Procalcitonin']","Warm fluids, ginger-tulsi tea, high-calorie soups, plenty of hydration and steam."
RES004,Tuberculosis (Pulmonary TB),तपेदिक / टीबी (Tuberculosis),ક્ષય રોગ / ટીબી (Tuberculosis),Respiratory Diseases,,Very High,A15.0,True,False,NTEP Chest Physician / Pulmonologist,Urgent Clinical Attention (NTEP Mandatory Reporting),"['Cough lasting more than 2 weeks', 'Coughing up blood (Hemoptysis)', 'Low-grade evening fever', 'Profuse night sweats', 'Unexplained severe weight loss and loss of appetite']","['NTEP 4-Drug FDC (Rifampicin, Isoniazid, Pyrazinamide, Ethambutol)', 'Pyridoxine (Vitamin B6) 10mg']","['CBNAAT / GeneXpert Sputum Test', 'Sputum AFB Smear Microscopy', 'Chest X-Ray PA View', 'Mantoux / IGRA Test']","High protein nutritional support (Nikshay Poshan Yojana), milk, eggs, pulses, soya and bananas."
RES007,Pulmonary Fibrosis / ILD,पल्मोनरी फाइब्रोसिस (Pulmonary Fibrosis),પલ્મોનરી ફાઈબ્રોસિસ (Pulmonary Fibrosis),Respiratory Diseases,,Medium,J84.1,False,False,Pulmonologist,Specialist Consultation,"['Progressive dry hacking cough', 'Severe breathlessness with minor activity', 'Velcro-like crackles in lungs', 'Clubbing of fingernails']","['Pirfenidone 200mg/800mg', 'Nintedanib 100mg/150mg', 'N-Acetylcysteine (NAC) 600mg', 'Supplemental Oxygen']","['High-Resolution CT (HRCT) Chest', 'Diffusion Capacity of Lungs (DLCO)', '6-Minute Walk Test (6MWT)']","Nutritious easily digestible food, pulmonary rehabilitation exercises, avoid air pollution."
INF001,HIV / AIDS,एचआईवी / एड्स (HIV / AIDS),એચઆઈવી / એઇડ્સ (HIV / AIDS),Infectious & Vector-Borne,,Very High,B24,True,False,NACO ART Specialist / Infectious Diseases,Specialist Consultation (ART Center),"['Prolonged unexplained fever (> 1 month)', 'Chronic diarrhea (> 1 month)', 'Significant weight loss (Wasting syndrome)', 'Recurrent oral thrush (Fungal candidiasis)', 'Swollen lymph nodes']","['NACO First-Line ART (Tenofovir + Lamivudine + Dolutegravir - TLD Single Tablet)', 'Cotrimoxazole (Septran) Prophylaxis']","['Rapid HIV 1 & 2 Antibody Screening', 'CD4 Count', 'HIV Viral Load (RT-PCR)']","Clean hygienic nutrition, well-cooked meals, boiled water, multivitamin support."
INF003,Dengue Fever / Severe Dengue,डेंगू बुखार (Dengue Fever),ડેન્ગ્યુ તાવ (Dengue Fever),Infectious & Vector-Borne,,Very High,A90,True,True,Infectious Disease Specialist / Physician,Urgent Clinical Monitoring (Risk of Plasma Leak),"['Sudden high fever (104°F)', 'Severe retro-orbital eye pain', 'Severe joint and muscle pain (Breakbone fever)', 'Skin rash', 'Bleeding from gums/nose', 'Severe abdominal pain and persistent vomiting']","['Paracetamol 650mg ONLY (Strictly AVOID Aspirin/Ibuprofen/NSAIDs)', 'Oral Rehydration Salts (ORS)', 'IV Ringer Lactate fluids']","['Dengue NS1 Antigen (Day 1-5)', 'Dengue IgM/IgG Antibody (Day 5+)', 'Daily Complete Blood Count (CBC for Platelets & Hematocrit)']","Extensive oral fluids (coconut water, ORS, fresh fruit juices, pomegranate), light khichdi."
INF004,Malaria (P. vivax / P. falciparum),मलेरिया बुखार (Malaria),મેલેરિયા તાવ (Malaria),Infectious & Vector-Borne,,Very High,B54,True,True,Physician,Urgent Clinical Attention,"['High fever with intense shivering chills (Rigor)', 'Profuse sweating as fever drops', 'Severe headache and body ache', 'Nausea and vomiting', 'Anemia and mild jaundice']","['Artemether + Lumefantrine (ACT for Falciparum)', 'Chloroquine + Primaquine 14-day radical cure (for Vivax)']","['Rapid Diagnostic Test (RDT) Malaria Pf/Pv Antigen', 'Thick and Thin Blood Smear Giemsa Microscopy', 'CBC']","Adequate fluids, glucose water, high carbohydrate soft diet."
INF005,Typhoid / Enteric Fever,टाइफाइड / मियादी बुखार (Typhoid Fever),ટાઈફોઈડ તાવ (Typhoid),Infectious & Vector-Borne,,High,A01.0,True,True,General Physician,Urgent Clinical Attention,"['Step-ladder rising persistent high fever', 'Severe headache and weakness', 'Stomach pain and constipation/diarrhea', 'Coated tongue', 'Loss of appetite and rose spots']","['Azithromycin 500mg (Oral) OR Ceftriaxone 1g/2g IV', 'Paracetamol 650mg', 'Probiotics']","['Blood Culture (Gold standard in 1st week)', 'Widal Test (after Day 7-10)', 'TyphiDot IgM', 'Stool Culture']","Strict boiled water, soft bland diet (boiled rice, curd, boiled potatoes, soups); avoid spicy and raw food."
INF006,Cholera & Acute Watery Diarrhea,हैजा / कॉलरा (Cholera),કોલેરા (Cholera),Infectious & Vector-Borne,,High,A00.9,True,True,Emergency Physician / Infectious Diseases,Critical / Emergency Immediate Hospitalization,"[""Profuse painless watery 'rice-water' stools"", 'Rapid severe dehydration', 'Sunken eyes, dry mouth, skin tenting', 'Muscle cramps in legs', 'Rapid weak pulse and low BP']","['Aggressive WHO-ORS Solution', 'IV Ringer Lactate / Normal Saline', 'Doxycycline 300mg single dose OR Azithromycin 1g', 'Zinc Sulfate 20mg']","['Stool Hanging Drop Microscopy (Darting motility)', 'Stool Culture on TCBS Agar', 'Serum Electrolytes & Renal Function']","Continuous oral rehydration with WHO ORS, electrolyte fluids; boiled safe drinking water."
INF007,Chikungunya Fever,चिकनगुनिया बुखार (Chikungunya),ચિકનગુનિયા તાવ (Chikungunya),Infectious & Vector-Borne,,High,A92.0,True,True,Physician / Rheumatologist,Specialist Consultation,"['Sudden onset high fever', 'Severe crippling polyarthralgia / joint pain (wrists, ankles, knees)', 'Joint swelling', 'Maculopapular skin rash', 'Nausea and fatigue']","['Paracetamol 650mg', 'NSAIDs (once Dengue excluded)', 'Hydrochloroquine (for chronic arthritis)']","['Chikungunya IgM ELISA', 'RT-PCR (within first 5 days)', 'CBC and CRP']","Anti-inflammatory diet (turmeric milk, ginger, omega-3, adequate hydration), gentle joint mobilization."
INF014,Hepatitis B (Viral Hepatitis),हेपेटाइटिस बी (Hepatitis B),હેપેટાઇટિસ બી (Hepatitis B),Infectious & Vector-Borne,,Very High,B16.9,True,False,Hepatologist / Gastroenterologist,Specialist Consultation,"['Yellow skin and eyes (Jaundice)', 'Dark tea-colored urine', 'Pale clay-colored stools', 'Severe fatigue and nausea', 'Loss of appetite and right upper belly pain']","['Tenofovir Disoproxil (TDF) 300mg / Entecavir 0.5mg', 'Hepatoprotective agents']","['HBsAg (Surface Antigen)', 'HBV DNA Quantitative PCR (Viral Load)', 'HBeAg / Anti-HBe', 'Liver Function Test & FibroScan']","High carbohydrate, low fat, adequate protein, strictly zero alcohol."
INF015,Hepatitis C (Viral Hepatitis),हेपेटाइटिस सी (Hepatitis C),હેપેટાઇટિસ સી (Hepatitis C),Infectious & Vector-Borne,,Very High,B18.2,True,False,Hepatologist,Specialist Consultation,"['Chronic fatigue', 'Mild jaundice', 'Joint and muscle aches', 'Fluid accumulation in belly (if cirrhotic)']","['Sofosbuvir 400mg + Velpatasvir 100mg (12-week curative DAA regimen)', 'Ledipasvir (for Genotype 1)']","['Anti-HCV Antibody ELISA', 'HCV RNA Quantitative RT-PCR', 'HCV Genotype', 'LFT']","Healthy balanced diet, zero alcohol, avoid untested herbal supplements."
INF017,Japanese Encephalitis (JE),जापानी एन्सेफलाइटिस / दिमागी बुखार (Japanese Encephalitis),જાપાનીઝ એન્સેફાલીટીસ (JE),Infectious & Vector-Borne,,High,A83.0,True,True,Neurologist / Pediatric Intensivist,Critical / Emergency Immediate Hospitalization,"['Sudden high fever and intense headache', 'Neck stiffness and confusion', 'Seizures / convulsions', 'Altered sensorium and coma', 'Spastic paralysis']","['Intensive ICU supportive management', 'Mannitol (to reduce cerebral edema)', 'Anti-epileptics (Levetiracetam/Phenytoin)', 'IV Fluids & airway protection']","['JE-specific IgM Capture ELISA (CSF & Serum)', 'Lumbar Puncture (CSF Analysis)', 'Brain MRI']",Strict ICU tube feeding / total parenteral nutrition as indicated.
INF020,Kala-azar (Visceral Leishmaniasis),काला-अज़ार / लिशमैनियासिस (Kala-azar),કાલા-અઝાર (Kala-azar),Infectious & Vector-Borne,,High,B55.0,True,True,Infectious Disease Specialist / Physician,Urgent Clinical Attention (National Programme),"['Prolonged persistent fever with double daily rise', 'Massive enlargement of spleen (Splenomegaly) and liver', 'Darkening/pigmentation of facial skin (Kala-azar)', 'Severe anemia and weight loss (Wasting)']","['Liposomal Amphotericin B (Single dose 10mg/kg IV - First line NVBDCP)', 'Miltefosine 50mg']","['rK39 Rapid Immunochromatographic Dipstick Test', 'Bone Marrow / Splenic Aspiration (LD Bodies)', 'Complete Blood Count (Pancytopenia)']","High protein high calorie nutrition, iron and micronutrient supplementation."
REN001,Chronic Kidney Disease (CKD),क्रॉनिक किडनी रोग (Chronic Kidney Disease),ક્રોનિક કિડની ડિસીઝ (CKD),Kidney & Renal Diseases,,Very High,N18.9,False,False,Nephrologist,Specialist Consultation (Renal Management),"['Swelling around eyes (Periorbital edema) and feet', 'Decreased or foamy urine output', 'Chronic fatigue and pallor (Anemia)', 'Loss of appetite, metallic taste, nausea', 'High uncontrolled blood pressure', 'Persistent itchy skin (Uremic pruritus)']","['Erythropoietin (EPO) injections', 'Iron sucrose IV', 'Sodium Bicarbonate', 'Calcium Acetate / Sevelamer', 'Telmisartan / Dapagliflozin (in early stages)']","['Serum Creatinine & Blood Urea Nitrogen (BUN)', 'Estimated GFR (eGFR)', 'Urine Albumin-to-Creatinine Ratio (UACR)', 'Ultrasound Kidneys & Bladder (KUB)']","Strict low sodium, restricted protein (0.6-0.8g/kg), low potassium (avoid coconut water, banana, citrus), restricted phosphorus."
REN003,End-Stage Renal Disease (Kidney Failure),किडनी फेलियर / अंतिम चरण गुर्दे की बीमारी (Kidney Failure),કિડની ફેલિયર (Kidney Failure),Kidney & Renal Diseases,,Very High,N18.6,False,False,Nephrologist / Dialysis Unit,Critical / Urgent Dialysis Evaluation,"['Severe breathlessness (Fluid overload / pulmonary edema)', 'Marked oliguria/anuria (near zero urine)', 'Drowsiness, confusion, uremic encephalopathy', 'Severe intractable nausea and vomiting', 'Refractory high blood pressure']","['Hemodialysis / Peritoneal Dialysis', 'Diuretics (High dose loop diuretics)', 'Potassium binding resins (K-Bind)', 'Emergency Calcium Gluconate (if hyperkalemia)']","['Serum Electrolytes (Potassium - Urgent)', 'Arterial Blood Gas (ABG - Acidosis)', 'Serum Creatinine & Urea', 'ECG (Tall T waves)']","Strict fluid limit (< 1 liter total per 24 hours including all liquids), strict renal dialysis nutritional protocol."
REN005,Kidney Stones (Nephrolithiasis / Renal Calculi),किडनी की पथरी / गुर्दे की पथरी (Kidney Stones),કિડનીની પથરી (Kidney Stones),Kidney & Renal Diseases,,High,N20.0,False,False,Urologist,Urgent Clinical Attention (if severe obstruction),"['Severe sharp cramping pain in back and side (Renal colic)', 'Pain radiating to lower belly and groin', 'Blood in urine (Pink/red/brown urine)', 'Burning urination and frequent urge to urinate', 'Nausea and vomiting with pain']","['Tamsulosin 0.4mg (Alpha blocker for stone expulsion)', 'Potassium Citrate solution', 'Drotaverine + Aceclofenac (Pain relief)', 'Tramadol SOS']","['Non-Contrast CT KUB (Gold standard)', 'Ultrasound KUB', 'Urine Routine & Microscopy', 'Serum Calcium & Uric Acid']","High water intake (> 3 liters/day), lemon water (citrate), reduce animal protein, avoid high oxalate foods (spinach, chocolate, nuts)."
NEU001,Epilepsy & Seizure Disorders,मिर्गी / दौरे का रोग (Epilepsy),વાઈ / ખેંચ / એપીલેપ્સી (Epilepsy),Neurological Diseases,,High,G40.9,False,False,Neurologist,Urgent Clinical Attention (Emergency if Status Epilepticus),"['Uncontrollable jerking movements of arms and legs', 'Temporary loss of consciousness', 'Staring spells / blank staring', 'Tongue biting and urinary incontinence during seizure', 'Post-ictal confusion and sleepiness']","['Levetiracetam 500mg', 'Sodium Valproate 300mg/500mg', 'Carbamazepine 200mg', 'Midazolam Nasal Spray (Emergency rescue)']","['Electroencephalogram (EEG / Video EEG)', 'Brain MRI Epilepsy Protocol', 'Serum Calcium, Sodium, Blood Glucose']","Consistent meal and sleep schedule, ketogenic diet (in refractory childhood epilepsy), avoid flickering lights and sleep deprivation."
NEU002,Alzheimer's Disease & Dementia,अल्जाइमर रोग और डिमेंशिया (Alzheimer's Disease),અલ્ઝાઇમર રોગ અને ડિમેન્શિયા (Dementia),Neurological Diseases,,High,G30.9,False,False,Cognitive Neurologist / Geriatrician,Specialist Consultation,"['Progressive short-term memory loss (forgetting recent events)', 'Getting lost in familiar places / wandering', 'Difficulty performing daily familiar tasks', 'Language problems (struggling for words)', 'Mood swings and disorientation']","['Donepezil 5mg/10mg (Cholinesterase inhibitor)', 'Memantine 10mg/20mg', 'Rivastigmine Transdermal Patch']","['Mini-Mental State Examination (MMSE / MoCA)', 'Brain MRI (Hippocampal Volume / Atrophy)', 'Serum Vitamin B12, TSH, Folate']","MIND diet (Mediterranean-DASH intervention for neurodegenerative delay), berries, green leafy vegetables, cognitive puzzles."
NEU004,Parkinson's Disease,पार्किंसंस रोग (Parkinson's Disease),પાર્કિન્સન્સ રોગ (Parkinson's),Neurological Diseases,,High,G20,False,False,Movement Disorder Neurologist,Specialist Consultation,"['Resting tremor (Pill-rolling tremor in hands)', 'Muscle rigidity and stiffness', 'Slowness of movement (Bradykinesia)', 'Shuffling gait with loss of balance', 'Soft monotone voice and masked face']","['Levodopa + Carbidopa (Syndopa) 110mg/275mg', 'Pramipexole 0.5mg', 'Rasagiline 1mg', 'Trihexyphenidyl 2mg']","['Clinical Neurological Examination', 'Brain MRI (to rule out secondary parkinsonism)', 'DaTscan (where available)']","High fiber diet (to prevent constipation), separate protein intake from Levodopa dosing by 1 hour, daily physical balance therapy."
NEU005,Migraine Headache Disorder,माइग्रेन / आधासीसी का दर्द (Migraine),આધાશીશી / માઇગ્રેન (Migraine),Neurological Diseases,,High,G43.9,False,False,Neurologist,Specialist Consultation,"['Intense throbbing pulsing headache on one side', 'Sensitivity to light (Photophobia) and sound (Phonophobia)', 'Nausea and vomiting with headache', 'Visual aura (Flashing lights or blind spots before pain)', 'Pain aggravated by physical activity']","['Sumatriptan 50mg/100mg (Acute abortive)', 'Naproxen 500mg', 'Propranolol 40mg / Topiramate 25mg (Prophylaxis)', 'Domperidone (Anti-emetic)']","['Clinical Diagnosis according to ICHD-3 criteria', 'Brain MRI (if red flags or atypical features)']","Maintain regular sleep and meals, identify triggers (aged cheese, MSG, chocolate, caffeine withdrawal), magnesium-rich foods."
BLO001,Iron Deficiency Anemia,एनीमिया / खून की कमी (Iron Deficiency Anemia),એનિમિયા / લોહીની ઉણપ (Anemia),Blood Disorders,,Very High,D50.9,False,False,Physician / Hematologist,Moderate Attention,"['Extreme fatigue and weakness', 'Pale skin, tongue and conjunctiva', 'Shortness of breath on mild exertion', 'Brittle nails / spoon nails (Koilonychia)', 'Cravings for non-food items like chalk/ice (Pica)']","['Ferrous Ascorbate + Folic Acid Tablets', 'Injectable Ferric Carboxymaltose (FCM) IV', 'Vitamin C (to enhance absorption)']","['Complete Blood Count (Hemoglobin & MCV)', 'Serum Ferritin', 'Total Iron Binding Capacity (TIBC)', 'Peripheral Smear (Microcytic Hypochromic)']","Jaggery (Gur), pomegranate, spinach, beetroot, chickpeas, dates, green leafy vegetables, amla."
BLO003,Sickle Cell Disease,सिकल सेल एनीमिया (Sickle Cell Disease),સિકલ સેલ એનિમિયા (Sickle Cell),Blood Disorders,,Very High,D57.1,False,False,Hematologist,Urgent Clinical Attention (Crisis Care),"['Severe episodes of bone and chest pain (Vaso-occlusive crisis)', 'Chronic fatigue and jaundice', 'Swelling in hands and feet (Dactylitis)', 'Frequent infections', 'Delayed growth']","['Hydroxyurea 500mg', 'Folic Acid 5mg daily', 'Analgesics (Tramadol/Paracetamol for crisis)', 'Pneumococcal Vaccination']","['Hemoglobin Electrophoresis (HPLC)', 'Sickling Solubility Test', 'CBC with Reticulocyte Count']","High hydration (minimum 3-4 liters water daily), folic acid-rich foods, strictly avoid extreme cold, dehydration, and high altitudes."
BLO004,Thalassemia Major / Intermedia,थैलेसीमिया (Thalassemia Major),થેલેસેમિયા (Thalassemia),Blood Disorders,,High,D56.1,False,False,Hematologist / Transfusion Medicine,Specialist Consultation (Regular Transfusions),"['Severe pallor and fatigue appearing in early infancy', 'Enlarged spleen and liver (Hepatosplenomegaly)', 'Chipmunk facies (Prominent facial bones)', 'Dark urine and slow growth']","['Regular Leucodepleted Packed Red Blood Cell Transfusions', 'Iron Chelators (Deferasirox / Deferiprone)', 'Folic Acid']","['Hemoglobin HPLC (HbA2 & HbF quantification)', 'Serum Ferritin (Iron Overload Monitoring)', 'Genetic Mutation Analysis']","Strict low iron diet (avoid iron-rich tonics, red meat, iron-fortified cereals), high antioxidant nutrition, regular iron chelation."
LIV002,Liver Cirrhosis & Chronic Liver Failure,लिवर सिरोसिस / लिवर की बीमारी (Liver Cirrhosis),લિવર સિરોસિસ (Liver Cirrhosis),Liver & Digestive Diseases,,High,K74.6,False,False,Gastroenterologist / Hepatologist,Urgent Clinical Attention,"['Severe yellowing of eyes and skin (Jaundice)', 'Swelling of abdomen (Ascites)', 'Vomiting blood (Esophageal variceal bleeding)', 'Confusion and altered sleep cycle (Hepatic encephalopathy)', 'Easy bruising and bleeding']","['Lactulose Syrup (to clear ammonia)', 'Rifaximin 550mg', 'Spironolactone + Furosemide', 'Propranolol 20mg (to prevent variceal bleeding)']","['Liver Function Test (Bilirubin, Albumin, SGOT/SGPT)', 'Prothrombin Time / INR (Coagulation)', 'Upper GI Endoscopy', 'Abdominal Ultrasound / CT']","Strict zero alcohol, restricted sodium (< 2g/day), adequate high-quality plant/dairy protein, frequent small meals."
LIV008,Peptic Ulcer Disease & Acid Peptic Disorders,पेट का अल्सर / पेप्टिक अल्सर (Peptic Ulcer),જઠરનું અલ્સર (Peptic Ulcer),Liver & Digestive Diseases,,Medium,K27.9,False,False,Gastroenterologist,Specialist Consultation,"['Burning stomach pain between meals or at night', 'Feeling of fullness, bloating or belching', 'Heartburn and acid reflux', 'Nausea and intolerance to fatty foods']","['Pantoprazole / Rabeprazole 40mg (PPIs)', 'Sucralfate Suspension 1g', 'H. pylori Kit (Clarithromycin + Amoxicillin + PPI)']","['Upper GI Endoscopy (EGD)', 'H. pylori Stool Antigen / UBT', 'Complete Blood Count (to rule out occult bleeding)']","Avoid spicy, deeply fried and acidic foods, eliminate NSAIDs/painkillers, avoid tobacco and alcohol."
LIV009,Inflammatory Bowel Disease (Ulcerative Colitis / Crohn's),सूजन आंत्र रोग / अल्सरेटिव कोलाइटिस (IBD),આંતરડાનો સોજો / આઈબીડી (IBD),Liver & Digestive Diseases,,Medium,K51.9,False,False,Gastroenterologist,Specialist Consultation,"['Chronic bloody diarrhea with mucus', 'Severe abdominal cramps and pain', 'Urgent need to defecate (Tenesmus)', 'Weight loss and chronic fatigue', 'Fever and joint pains']","['Mesalamine (5-ASA) 1.2g/2.4g', 'Corticosteroids (Prednisolone for flares)', 'Azathioprine', 'Biologics (Infliximab / Vedolizumab)']","['Full Colonoscopy with Mucosal Biopsy', 'Fecal Calprotectin Test', 'CT / MRI Enterography', 'CBC, CRP, ESR']","Low FODMAP, low residue diet during active flare-ups; maintain adequate hydration and nutrient supplementation."
MEN001,Major Depressive Disorder (Clinical Depression),डिप्रेशन / गहरा अवसाद (Major Depression),ડિપ્રેશન / હતાશા (Clinical Depression),Mental Health,,Very High,F32.9,False,False,Psychiatrist / Clinical Psychologist,Urgent Psychiatric Attention (Critical if Suicidal Ideation),"['Persistent sadness, emptiness or hopelessness (> 2 weeks)', 'Loss of interest or pleasure in all activities (Anhedonia)', 'Insomnia or excessive sleeping', 'Severe fatigue and low energy', 'Feelings of worthlessness or guilt', 'Difficulty concentrating and recurrent suicidal thoughts']","['Escitalopram 10mg/20mg (SSRI)', 'Sertraline 50mg', 'Duloxetine 30mg', 'Cognitive Behavioral Therapy (CBT)']","['PHQ-9 Depression Severity Questionnaire', 'Thyroid Profile (TSH - to rule out hypothyroidism)', 'Serum Vitamin D & B12']","Nutrient-dense brain-healthy diet (omega-3 fatty acids, walnuts, seeds, bananas), regular exercise, supportive psychotherapy."
MEN002,Generalized Anxiety Disorder (GAD) & Panic Disorder,चिंता विकार और पैनिक अटैक (Anxiety & Panic Disorder),ચિંતા રોગ અને ગભરાટ (Anxiety Disorder),Mental Health,,Very High,F41.1,False,False,Psychiatrist / Psychologist,Specialist Consultation,"['Excessive persistent worry difficult to control', 'Restlessness and feeling on edge', 'Rapid heartbeat (Palpitations) and trembling', 'Sudden overwhelming fear of disaster/death (Panic attacks)', 'Muscle tension and sleep disturbance']","['Escitalopram / Paroxetine', 'Clonazepam 0.25mg (Short term SOS for panic)', 'Propranolol 10mg (for somatic palpitations)']","['GAD-7 Anxiety Scale Evaluation', 'ECG & Cardiac Evaluation (to rule out arrhythmias during panic attacks)']","Cut down caffeine, energy drinks, and alcohol; practice deep diaphragmatic breathing and mindfulness meditation."
BON001,Osteoarthritis (Degenerative Joint Disease),ऑस्टियोआर्थराइटिस / जोड़ों का घिसना (Osteoarthritis),સંધિવા / ઓસ્ટિઓઆર્થરાઇટિસ (Osteoarthritis),Bone & Joint Diseases,,High,M19.9,False,False,Orthopaedic Surgeon / Rheumatologist,Specialist Consultation,"['Deep aching joint pain worsening with use (knees, hips)', 'Morning joint stiffness lasting < 30 minutes', 'Grating or crackling sensation (Crepitus) during movement', 'Loss of joint flexibility and bone spurs']","['Paracetamol 650mg / Topical Diclofenac Gel', 'Glucosamine + Diacerein', 'Intra-articular Hyaluronic Acid / PRP injections', 'Total Knee Replacement (in severe Stage IV)']","['Weight-Bearing Standing X-Rays of Knees/Hips (Joint space narrowing)', 'Serum Uric Acid (to rule out gout)']","Weight reduction (reduces knee load by 4x body weight lost), anti-inflammatory foods (turmeric, omega-3, ginger), low-impact swimming/cycling."
BON002,Rheumatoid Arthritis (Autoimmune Arthritis),रूमेटाइड अर्थराइटिस / गठिया (Rheumatoid Arthritis),રૂમેટોઇડ આર્થરાઇટિસ (Gout / Arthritis),Bone & Joint Diseases,,High,M06.9,False,False,Rheumatologist,Specialist Consultation (Early DMARD Therapy),"['Symmetrical joint pain, warmth and swelling (wrists, fingers)', 'Prolonged morning stiffness lasting > 1 hour', 'Joint deformities (Swan-neck, Boutonniere)', 'Fatigue, low-grade fever and rheumatoid nodules']","['Methotrexate 15mg weekly + Folic Acid', 'Hydroxychloroquine 200mg', 'Sulfasalazine 1g', 'Biological DMARDs (Anti-TNF Adalimumab/Etanercept)']","['Rheumatoid Factor (RA Factor Titre)', 'Anti-CCP Antibodies (High specificity)', 'Serum CRP & ESR', 'Hand & Wrist Bilateral X-Rays']","Anti-inflammatory Mediterranean diet, zero refined sugars, gentle physical occupational therapy."
BON003,Osteoporosis & Bone Fragility,ऑस्टियोपोरोसिस / हड्डियों की कमजोरी (Osteoporosis),ઓસ્ટિયોપોરોસિસ (Osteoporosis),Bone & Joint Diseases,,High,M81.0,False,False,Endocrinologist / Orthopaedician,Specialist Consultation,"['Silent disease until fracture occurs', ""Loss of height over time and stooped posture (Kyphosis / Dowager's hump)"", 'Back pain caused by fractured/collapsed vertebra', 'Bone fractures from minor falls (hip, wrist, spine)']","['Zoledronic Acid 5mg IV yearly OR Alendronate 70mg weekly', 'Calcium Carbonate 500mg + Vitamin D3 60,000 IU', 'Teriparatide (PTH analogue)']","['DEXA Bone Mineral Density Scan (T-Score <= -2.5)', 'Serum Calcium, Phosphorus, Alkaline Phosphatase', 'Serum 25-OH Vitamin D3']","Calcium-rich dairy (milk, curd, paneer), sesame seeds (til), ragi, sunlight exposure for natural vitamin D, fall-prevention home modifications."
EYE001,Cataract (Senile / Traumatic),मोतियाबिंद (Cataract),મોતીબિંદુ / મોતિયો (Cataract),Eye Diseases,,Very High,H26.9,False,False,Ophthalmologist / Cataract Surgeon,Specialist Consultation (Elective Surgery),"['Cloudy, blurry or dim vision', 'Difficulty seeing at night', 'Sensitivity to light and glare / halos around lights', 'Fading or yellowing of colors', 'Frequent changes in eyeglass prescription']","['Phacoemulsification with Foldable Intraocular Lens (IOL) Implantation (Definitive Cure)', 'Post-operative Antibiotic-Steroid Eye Drops (Moxifloxacin + Prednisolone)']","['Slit Lamp Biomicroscopy', 'Visual Acuity Testing', 'Optical Biometry (IOL Master / A-Scan for lens power)']","Lutein and zeaxanthin rich leafy greens, vitamin C and E, UV protection sunglasses."
EYE002,Glaucoma (Open-Angle / Angle-Closure),काला मोतिया / ग्लूकोमा (Glaucoma),ઝામર / ગ્લુકોમા (Glaucoma),Eye Diseases,,High,H40.9,False,False,Glaucoma Specialist / Ophthalmologist,Urgent Clinical Attention (Emergency if Acute Angle Closure),"['Gradual loss of peripheral side vision (Tunnel vision)', 'Severe throbbing eye pain with headache and nausea (in Acute Glaucoma)', 'Seeing rainbow-colored halos around lights', 'Red eye and blurred vision']","['Latanoprost / Bimatoprost Eye Drops (Prostaglandin analogues)', 'Timolol 0.5% Eye Drops', 'Brimonidine Eye Drops', 'Oral Acetazolamide (Diamox) for acute pressure']","['Intraocular Pressure (IOP) Goldmann Applanation Tonometry', 'Visual Field Humphrey Perimetry', 'Optical Coherence Tomography (OCT RNFL)', 'Gonioscopy']","Strict lifelong compliance with daily pressure-lowering eye drops, avoid heavy weight lifting with breath holding."
EYE003,Diabetic Retinopathy,डायबिटिक रेटिनोपैथी (Diabetic Retinopathy),ડાયાબિટીક રેટિનોપેથી (Diabetic Retinopathy),Eye Diseases,,High,H36.0,False,False,Vitreoretinal Surgeon,Urgent Retinal Consultation,"['Spots or dark strings floating in vision (Floaters)', 'Blurred, fluctuating or distorted vision', 'Impaired color vision', 'Dark or empty areas in vision / sudden vision loss (Vitreous hemorrhage)']","['Intravitreal Anti-VEGF Injections (Ranibizumab / Aflibercept)', 'Retinal Pan-Retinal Photocoagulation (PRP Laser)', 'Vitrectomy Surgery']","['Dilated Fundus Examination', 'Fundus Fluorescein Angiography (FFA)', 'Macular Optical Coherence Tomography (OCT)']","Strict blood sugar and HbA1c control (< 7.0%), tight blood pressure and lipid control, annual mandatory retinal screening for all diabetics."
ORL001,Dental Caries & Tooth Decay,दांतों में कीड़ा / कैविटी (Dental Caries),દાંતનો સડો / કેવિટી (Dental Caries),Oral Health,,Very High,K02.9,False,False,Dental Surgeon / Endodontist,Dental Consultation,"['Toothache and spontaneous pain without cause', 'Tooth sensitivity to sweet, hot or cold food/drinks', 'Visible holes or pits in teeth', 'Brown, black or white staining on tooth surface']","['Fluoride Varnish / Toothpaste', 'Dental Composite Restorations / Root Canal Treatment (RCT)', 'Amoxicillin + Clavulanate (if periapical abscess)', 'Ibuprofen / Paracetamol for pain']","['Dental Clinical Examination with Explorer Probe', 'Intraoral Periapical (IOPA) X-Rays / OPG Panoramic X-Ray']","Cut down sticky sugary snacks, brush twice daily with fluoridated toothpaste, floss daily, rinse mouth after every meal."
ORL002,Periodontal Disease (Gingivitis & Periodontitis),पायरिया / मसूड़ों की बीमारी (Periodontitis),પાયોરિયા / પેઢાનો સોજો (Periodontal Disease),Oral Health,,High,K05.6,False,False,Periodontist,Dental Consultation,"['Swollen, tender, dusky red gums', 'Gums that bleed easily when brushing or flossing', 'Persistent bad breath (Halitosis)', 'Receding gumline making teeth look longer', 'Loose teeth and pus between teeth and gums']","['Chlorhexidine 0.2% Antiseptic Mouthwash', 'Professional Ultrasonic Scaling & Root Planing', 'Doxycycline / Metronidazole (if aggressive)']","['Periodontal Probing Depth (PPD) Measurement', 'Full Mouth Dental Radiographs']","Vitamin C rich citrus fruits, crisp raw vegetables, avoid smoking and gutkha chewing."
MAT001,Maternal Anemia in Pregnancy,गर्भावस्था में एनीमिया (Maternal Anemia),ગર્ભાવસ્થામાં એનિમિયા (Maternal Anemia),Maternal Health,,Very High,O99.0,False,False,Obstetrician & Gynaecologist,Urgent Antenatal Care,"['Hemoglobin < 11 g/dL in pregnancy', 'Severe exhaustion, weakness and dizziness', 'Shortness of breath on walking', 'Palpitations and swollen feet', 'Risk of preterm delivery and low birth weight']","['Iron & Folic Acid (IFA) Tablets (100mg elemental iron + 500mcg folic acid daily)', 'Injectable Ferric Carboxymaltose (FCM) IV (for moderate-severe anemia)']","['Serial Hemoglobin Testing at each ANC visit', 'Complete Blood Count', 'Serum Ferritin']","Green leafy vegetables, jaggery, drumstick leaves, pomegranate, pulses, meat/eggs under PMSMA antenatal program."
MAT002,Pre-eclampsia & Eclampsia,प्री-एक्लेम्पसिया / गर्भावस्था में उच्च रक्तचाप (Pre-eclampsia),પ્રિ-એક્લેમ્પસિયા (Pre-eclampsia),Maternal Health,,Very High,O14.9,False,False,High-Risk Obstetrician,Critical / Emergency Immediate Hospitalization,"['New onset high blood pressure (BP >= 140/90 mmHg after 20 weeks)', 'Severe persistent frontal headache', 'Visual disturbances (blurring, flashing lights)', 'Sudden severe swelling of face and hands', 'Severe pain in upper right abdomen (under ribs)', 'Convulsions/fits (in Eclampsia)']","['Magnesium Sulfate (Pritchard Regimen - Anticonvulsant of choice)', 'Labetalol 100mg/200mg / Nifedipine 10mg retard', 'Urgent delivery planning']","['Urine Protein Dipstick (Albuminuria >= 2+)', '24-Hour Urine Protein', 'Platelet Count & Liver Enzymes (to rule out HELLP syndrome)', 'Fetal Doppler Ultrasound']","Careful salt monitoring, high calcium and protein maternal nutrition, continuous medical monitoring."
MAT005,Postpartum Hemorrhage (PPH),प्रसवोत्तर रक्तस्राव (Postpartum Hemorrhage),પ્રસૂતિ પછી વધુ પડતો રક્તસ્રાવ (PPH),Maternal Health,,Very High,O72.1,False,False,Obstetrician & Emergency Delivery Team,Critical / Emergency Immediate Obstetric Resuscitation,"['Excessive vaginal bleeding (> 500ml after vaginal delivery or > 1000ml after C-section)', 'Continuous soaking of pads', 'Rapid drop in blood pressure and rapid weak pulse (Hypovolemic shock)', 'Dizziness, cold clammy skin, confusion and loss of consciousness']","['Oxytocin 10 IU IM/IV infusion', 'Misoprostol 800mcg per rectum', 'Carboprost / Methylergometrine', 'Tranexamic Acid (TXA) 1g IV within 3 hours', 'Emergency Blood Transfusion']","['Bedside Blood Clotting Test', 'Cross-matching and grouping (PRBC, FFP, Platelets)', 'Uterine Tone Assessment']",Active management of third stage of labor (AMTSL) is standard lifesaving protocol.
PED001,Neonatal Sepsis & Severe Infection,नवजात सेप्सिस / नवजात शिशु संक्रमण (Neonatal Sepsis),નવજાત શિશુમાં સેપ્સિસ (Neonatal Sepsis),Child & Neonatal Health,,Very High,P36.9,True,False,Neonatologist / Pediatrician (SNCU/NICU),Critical / Emergency Immediate NICU Admission,"['Poor sucking or inability to feed', 'Lethargy, drowsiness or floppiness', 'Hypothermia (< 36.5°C) or high fever', 'Fast breathing (> 60 breaths/min) and chest in-drawing', 'Cyanosis or prolonged capillary refill time (> 3s)']","['IV Ampicillin + Gentamicin (First line)', 'IV Cefotaxime / Amikacin (Second line)', 'Oxygen therapy & thermoregulation (Radiant warmer)']","['Blood Culture (Gold standard)', 'Complete Blood Count with Band cells (I:T Ratio)', 'Serum CRP / Micro-ESR', 'Lumbar Puncture (to rule out meningitis)']",Expressed breast milk (EBM) via paladai or orogastric tube when clinically stable; exclusive breastfeeding.
PED005,Childhood Pneumonia & Acute Respiratory Distress,बच्चों में निमोनिया (Childhood Pneumonia),બાળકોમાં ન્યુમોનિયા (Childhood Pneumonia),Child & Neonatal Health,,Very High,J18.0,True,False,Pediatrician,Urgent Clinical Attention (IMNCI Protocols),"['Fast breathing (Age 2-11m: >= 50/min; Age 1-5y: >= 40/min)', 'Lower chest in-drawing', 'Stridor in calm child', 'Nasal flaring and grunting', 'Inability to drink or breastfeed']","['Oral Amoxicillin 40-45 mg/kg/day (IMNCI First line)', 'Injectable Ampicillin + Gentamicin (for severe pneumonia)', 'Oxygen therapy if SpO2 < 90%']","['IMNCI Clinical Respiratory Rate Counting', 'Pulse Oximetry', 'Chest X-Ray']","Continue frequent breastfeeding, warm fluids, small frequent nutritious meals."
PED007,Severe Acute Malnutrition (SAM),अति कुपोषण (Severe Acute Malnutrition - SAM),ગંભીર કુપોષણ (Severe Acute Malnutrition),Child & Neonatal Health,,Very High,E43,False,False,Pediatrician / NRC Nutritionist,Urgent Nutrition Rehabilitation Center (NRC) Care,"['Weight-for-height < -3 Z-scores (WHO growth charts)', 'Mid-Upper Arm Circumference (MUAC < 11.5 cm)', 'Bilateral pitting edema of feet (Kwashiorkor)', 'Severe visible muscle wasting (Marasmus)', 'Appetite loss and apathy']","['F-75 and F-100 Therapeutic Milk Formulas', 'Ready-to-Use Therapeutic Food (RUTF)', 'Broad-spectrum Amoxicillin', 'Vitamin A megadose + Folic Acid + Zinc']","['Appetite Test with RUTF', 'MUAC Measurement', 'Blood Glucose (to prevent hypoglycemia)', 'Urine Routine & Electrolytes']",Structured phased nutritional rehabilitation: Stabilization phase (F-75) followed by Catch-up growth phase (F-100 / RUTF).
ZOO001,Rabies Post-Exposure / Encephalitis,रेबीज / हाइड्रोफोबिया (Rabies),હડકવા (Rabies),Zoonotic & Emergency,,Very High,A82.9,True,False,Infectious Disease / Anti-Rabies Clinic,Critical / Emergency Immediate Post-Exposure Prophylaxis,"['History of animal bite/scratch (Dog, cat, monkey)', 'Fear of water (Hydrophobia) and drafts of air (Aerophobia)', 'Agitation, confusion, and hyper-salivation', 'Fever and tingling at bite wound site', 'Paralysis and convulsions']","['Immediate wound washing with soap and running water for 15 mins', 'Anti-Rabies Vaccine (ARV) Day 0, 3, 7, 14, 28', 'Rabies Immunoglobulin (RIG) directly into wound']","['Clinical History of Exposure', 'Skin Biopsy nuchal / Saliva RT-PCR']",Preventive post-exposure prophylaxis is 100% lifesaving; symptomatic rabies has >99.9% fatality.
ZOO002,Snakebite Envenoming,सर्पदंश / सांप का काटना (Snakebite Envenoming),સાપ કરડવો (Snakebite),Zoonotic & Emergency,,Very High,T63.0,False,False,Emergency Medical Team,Critical / Emergency Immediate Hospitalization,"['Fang puncture marks with severe pain/swelling', 'Bleeding from bite wound and gums', 'Drooping eyelids (Ptosis), difficulty speaking/swallowing', 'Paralysis and respiratory arrest (Neurotoxic)', ""Dark reddish urine and kidney shutdown (Hemotoxic/Russell's viper)""]","['Polyvalent Anti-Snake Venom (ASV) IV (10 vials initial dose)', 'Neostigmine + Atropine (for neurotoxic bite)', 'Tetanus Toxoid Booster', 'IV Fluids']","['20-Minute Whole Blood Clotting Test (20WBCT - bedside)', 'Serum Creatinine / Electrolytes', 'Prothrombin Time / INR', 'Urine Routine (Hematuria)']",Strict NPO (Nil by mouth) during acute emergency management until airway and breathing secured.
ZOO003,Nipah Virus Disease (NiV),निपाह वायरस रोग (Nipah Virus),નિપાહ વાયરસ રોગ (Nipah Virus),Zoonotic & Emergency,,Very High,B27.8,True,True,High Containment Infectious Disease Team,Critical / Emergency Immediate Isolation & Strict Barrier Nursing,"['High fever, headache, myalgia and sore throat', 'Dizziness, drowsiness, altered consciousness', 'Acute respiratory distress / severe atypical pneumonia', 'Rapid progression to acute encephalitis, seizures and coma (within 24-48 hours)']","['Strict Intensive ICU Supportive Care', 'Monoclonal Antibody m102.4 (Compassionate use)', 'Ribavirin (Adjunct)']","['Real-Time RT-PCR (Throat swab, CSF, Urine)', 'IgM & IgG ELISA Serology', 'High-Containment BSL-4 Laboratory Confirmation (NIV Pune)']","Strict negative pressure isolation, dedicated barrier nursing, avoid raw date palm sap and bat-bitten fruits."
ZOO007,Kyasanur Forest Disease (KFD / Monkey Fever),क्यासानूर फॉरेस्ट डिजीज / मंकी फीवर (KFD),મંકી ફીવર (KFD),Zoonotic & Emergency,,High,A98.2,True,True,Infectious Disease Physician,Urgent Clinical Attention,"['Sudden onset high fever with severe headache and frontal pain', 'Severe muscle stiffness and body pain', 'Gastrointestinal bleeding and epistaxis (nosebleeds)', 'Tremors, neck stiffness, and mental confusion in second phase']","['Supportive maintenance of hydration and blood pressure', 'Blood and platelet transfusions if severe bleeding', 'KFD Vaccine (in endemic forest districts)']","['Nested RT-PCR for KFD Virus', 'IgM ELISA Serology (NIV Pune / VRDL)']","Nutritious easily digestible diet, plenty of oral fluids and electrolytes."
ZOO008,Leptospirosis (Weil's Disease),लेप्टोस्पायरोसिस (Leptospirosis),લેપ્ટોસ્પાયરોસિસ (Leptospirosis),Zoonotic & Emergency,,High,A27.9,True,True,Physician,Urgent Clinical Attention,"['History of wading in floodwater or contact with animal urine', 'High fever with intense calf muscle tenderness', 'Conjunctival suffusion (Red eyes without discharge)', ""Jaundice and acute kidney injury (Weil's disease)"", 'Pulmonary hemorrhage with coughing up blood']","['Doxycycline 100mg twice daily (Oral)', 'Crystalline Penicillin G IV (for severe cases)', 'Ceftriaxone 1g IV']","['Leptospira IgM ELISA', 'Microscopic Agglutination Test (MAT - Gold Standard)', 'Renal & Liver Function Tests']","Adequate fluids, kidney protective care, avoid wading in stagnated urban floodwater."
INJ001,Traumatic Brain Injury & Head Trauma (TBI),सिर की गंभीर चोट / दर्दनाक मस्तिष्क की चोट (TBI),માથાની ગંભીર ઇજા / ટ્રોમેટિક બ્રેઈન ઇન્જરી (TBI),Injuries & Emergency,,Very High,S06.9,False,False,Neurosurgeon / Trauma Team,Critical / Emergency Immediate Trauma Resuscitation,"['History of road traffic accident (RTA) or fall', 'Loss of consciousness', 'Repeated vomiting and severe headache', 'Unequal pupil size (Anisocoria)', 'Clear fluid leaking from nose/ears (CSF Rhinorrhea/Otorrhea)', 'Glasgow Coma Scale (GCS) drop']","['Mannitol 20% / 3% Hypertonic Saline', 'Levetiracetam 1g IV', 'Tranexamic Acid (CRASH-3 protocol)', 'Emergency Craniotomy / Hematoma Evacuation']","['Emergency Non-Contrast Brain CT Scan (NCCT)', 'C-Spine X-Ray / CT', 'GCS Score Monitoring']",Strict trauma airway protection; post-stabilization enteral neuro-rehabilitation nutrition.
INJ003,Severe Thermal Burns,गंभीर जलन / बर्न इंजरी (Severe Burns),દાઝી જવું / બર્ન્સ (Severe Burns),Injuries & Emergency,,High,T30.0,False,False,Burns & Plastic Surgeon,Critical / Emergency Specialized Burns Center Care,"['Blistering, charred or white skin', 'Severe burning pain or numbness (in 3rd degree burns)', 'Rapid loss of body fluids and hypovolemic shock', 'Smoke inhalation injury with soot in airway']","['Aggressive Parkland Fluid Resuscitation (4ml x kg x %TBSA Ringer Lactate in 24h)', 'Silver Sulfadiazine / Collagen Dressing', 'IV Tramadol / Fentanyl for analgesia', 'Tetanus Toxoid']","['Total Body Surface Area (% TBSA - Rule of Nines)', 'Serum Electrolytes, Renal Function', 'Arterial Blood Gas & Carboxyhemoglobin']","Hyper-metabolic nutritional support: high calorie, very high protein, zinc, vitamin C."
INJ006,Acute Poisoning & Chemical Ingestion,विषाक्तता / जहर का सेवन (Acute Poisoning),ઝેર ખાવું / પોઈઝનિંગ (Acute Poisoning),Injuries & Emergency,,High,T65.9,False,False,Emergency Toxicologist / Intensivist,Critical / Emergency Immediate Medical Toxicology Care,"['History of pesticide, organophosphate, rodenticide, or drug overdose', 'Constricted pinpoint pupils or widely dilated pupils', 'Excessive salivation, sweating, and wheezing (SLUDGE syndrome in OP poisoning)', 'Vomiting, abdominal cramps, seizures and unconsciousness']","['Atropine IV (titrated until full atropinization for OP poisoning)', 'Pralidoxime (2-PAM)', 'Activated Charcoal (if within 1-2 hours of non-corrosive ingestion)', 'N-Acetylcysteine (for Paracetamol poisoning)']","['Serum Cholinesterase Levels', 'Serum Electrolytes, ABG, Renal & Hepatic Function', 'Toxicology Screen & ECG']",Strict NPO during resuscitation; gastric lavage only if indicated (strictly contraindicated in acids/alkalies/hydrocarbons).
