symptom_id,symptom_name,symptom_name_hi,symptom_name_gu,body_system,symptom_category,severity_level,emergency_flag,common_in_children,common_in_adults,common_in_elderly,description,source
S000001,Fever,बुखार,તાવ,General,General,Medium,No,Yes,Yes,Yes,"Elevated body temperature above normal range, often signaling infection or inflammation.",Draft - pending clinical review
S000002,High Fever (above 103°F/39.4°C),तेज़ बुखार,ઊંચો તાવ,General,General,High,Yes,Yes,Yes,Yes,"Very high body temperature that needs prompt medical attention, especially in young children.",Draft - pending clinical review
S000003,Chills,ठंड लगना,ઠંડી લાગવી,General,General,Low,No,Yes,Yes,Yes,"A feeling of coldness with shivering, often accompanying fever.",Draft - pending clinical review
S000004,Night Sweats,रात को पसीना आना,રાત્રે પરસેવો થવો,General,General,Medium,No,No,Yes,Yes,Excessive sweating during sleep unrelated to room temperature; can indicate infection or other conditions.,Draft - pending clinical review
S000005,Fatigue,थकान,થાક,General,General,Low,No,Yes,Yes,Yes,A persistent feeling of tiredness or lack of energy not relieved by rest.,Draft - pending clinical review
S000006,Weakness,कमजोरी,નબળાઈ,General,General,Medium,No,Yes,Yes,Yes,"Reduced strength in the body, distinct from general tiredness.",Draft - pending clinical review
S000007,Unexplained Weight Loss,बिना कारण वजन घटना,અકારણ વજન ઘટવું,General,General,Medium,No,Yes,Yes,Yes,"Losing weight without trying, which can point to several underlying conditions.",Draft - pending clinical review
S000008,Unexplained Weight Gain,बिना कारण वजन बढ़ना,અકારણ વજન વધવું,General,General,Low,No,Yes,Yes,Yes,Gaining weight without a clear change in diet or activity.,Draft - pending clinical review
S000009,Loss of Appetite,भूख न लगना,ભૂખ ન લાગવી,General,General,Low,No,Yes,Yes,Yes,"Reduced desire to eat, which may accompany illness or emotional stress.",Draft - pending clinical review
S000010,Excessive Thirst,अत्यधिक प्यास लगना,વધુ પડતી તરસ લાગવી,General,General,Medium,No,Yes,Yes,Yes,Unusual or persistent thirst that may indicate dehydration or a metabolic condition.,Draft - pending clinical review
S000011,Generalized Body Ache,पूरे शरीर में दर्द,આખા શરીરમાં દુખાવો,General,General,Low,No,Yes,Yes,Yes,"Widespread muscle or body pain, common with viral infections.",Draft - pending clinical review
S000012,Malaise,अस्वस्थता महसूस होना,અસ્વસ્થતા અનુભવવી,General,General,Low,No,Yes,Yes,Yes,A general feeling of discomfort or being unwell without specific symptoms.,Draft - pending clinical review
S000013,Dehydration,शरीर में पानी की कमी,શરીરમાં પાણીની ઉણપ,General,General,Medium,Yes,Yes,Yes,Yes,Loss of body fluids beyond what is taken in; can become serious if not corrected.,Draft - pending clinical review
S000014,Pale Skin (Pallor),त्वचा का पीलापन/फीकापन,ત્વચાનું ફિક્કાપણું,General,General,Medium,No,Yes,Yes,Yes,"Unusual paleness of the skin, sometimes linked to anemia or poor circulation.",Draft - pending clinical review
S000015,Yellowing of Skin or Eyes (Jaundice),पीलिया,કમળો,General,General,High,Yes,Yes,Yes,Yes,"Yellow discoloration of skin and eyes, usually indicating a liver or blood-related problem.",Draft - pending clinical review
S000016,Excessive Sweating,अत्यधिक पसीना आना,વધુ પડતો પરસેવો,General,General,Low,No,Yes,Yes,Yes,"Sweating more than usual, unrelated to heat or exercise.",Draft - pending clinical review
S000017,Growth Failure in Children (Failure to Thrive),बच्चे का सही विकास न होना,બાળકનો યોગ્ય વિકાસ ન થવો,General,General,Medium,Yes,Yes,No,No,Slower than expected growth or weight gain in an infant or child.,Draft - pending clinical review
S000018,Generalized Swelling (Edema),शरीर में सूजन,શરીરમાં સોજો,General,General,Medium,No,Yes,Yes,Yes,"Fluid buildup causing puffiness anywhere in the body, often in legs or face.",Draft - pending clinical review
S000019,Cold Intolerance,ठंड बर्दाश्त न होना,ઠંડી સહન ન થવી,General,General,Low,No,No,Yes,Yes,Feeling unusually cold compared to others in the same environment; linked to thyroid issues.,Draft - pending clinical review
S000020,Heat Intolerance,गर्मी बर्दाश्त न होना,ગરમી સહન ન થવી,General,General,Low,No,No,Yes,Yes,Feeling unusually hot or sweating excessively in normal temperatures; linked to thyroid issues.,Draft - pending clinical review
S000021,Recurrent Infections,बार-बार संक्रमण होना,વારંવાર ચેપ લાગવો,General,General,Medium,No,Yes,Yes,Yes,"Getting infections more often than usual, which may point to a weakened immune system.",Draft - pending clinical review
S000022,Severe Dehydration with Reduced Consciousness,गंभीर पानी की कमी के साथ बेहोशी जैसी स्थिति,ગંભીર પાણીની ઉણપ સાથે બેભાનતા,General,General,High,Yes,Yes,Yes,Yes,Severe fluid loss causing confusion or reduced alertness; needs urgent medical attention.,Draft - pending clinical review
S000023,Dry Cough,सूखी खांसी,સૂકી ઉધરસ,Respiratory,Respiratory,Low,No,Yes,Yes,Yes,"A cough that does not produce mucus, often from irritation or viral infection.",Draft - pending clinical review
S000024,Productive Cough (with Mucus),बलगम वाली खांसी,કફ સાથેની ઉધરસ,Respiratory,Respiratory,Medium,No,Yes,Yes,Yes,"A cough that brings up mucus or phlegm, often related to chest infection.",Draft - pending clinical review
S000025,Coughing Up Blood (Hemoptysis),खांसी में खून आना,ઉધરસમાં લોહી આવવું,Respiratory,Respiratory,High,Yes,No,Yes,Yes,"Coughing up blood or blood-streaked mucus, which always needs prompt medical evaluation.",Draft - pending clinical review
S000026,Shortness of Breath,सांस फूलना,શ્વાસ ચઢવો,Respiratory,Respiratory,Medium,No,Yes,Yes,Yes,Difficulty breathing or a feeling of not getting enough air during normal activity.,Draft - pending clinical review
S000027,Severe Difficulty Breathing,सांस लेने में गंभीर तकलीफ,શ્વાસ લેવામાં ગંભીર તકલીફ,Respiratory,Respiratory,High,Yes,Yes,Yes,Yes,"Marked struggle to breathe, even at rest — a medical emergency.",Draft - pending clinical review
S000028,Wheezing,सांस के साथ सीटी जैसी आवाज़,શ્વાસમાં સીટી જેવો અવાજ,Respiratory,Respiratory,Medium,No,Yes,Yes,Yes,"A high-pitched whistling sound while breathing, often linked to narrowed airways.",Draft - pending clinical review
S000029,Chest Tightness,छाती में जकड़न,છાતીમાં જકડાટ,Respiratory,Respiratory,Medium,No,No,Yes,Yes,"A sensation of pressure or constriction in the chest, often with breathing difficulty.",Draft - pending clinical review
S000030,Rapid Breathing,तेज़ सांस लेना,ઝડપી શ્વાસ લેવો,Respiratory,Respiratory,Medium,No,Yes,Yes,Yes,"Breathing faster than normal, which can indicate infection, fever, or distress.",Draft - pending clinical review
S000031,Noisy Breathing (Stridor),सांस लेते समय घरघराहट की आवाज़,શ્વાસ લેતી વખતે ઘરઘરાટીનો અવાજ,Respiratory,Respiratory,High,Yes,Yes,No,Yes,"A harsh, high-pitched sound during breathing that can signal airway blockage.",Draft - pending clinical review
S000032,Sore Throat,गले में खराश,ગળામાં દુખાવો,Respiratory,Respiratory,Low,No,Yes,Yes,Yes,"Pain, scratchiness, or irritation of the throat, often worse with swallowing.",Draft - pending clinical review
S000033,Hoarseness,आवाज़ बैठना,અવાજ બેસી જવો,Respiratory,Respiratory,Low,No,No,Yes,Yes,"An abnormal change in voice quality, often sounding raspy or strained.",Draft - pending clinical review
S000034,Nasal Congestion,नाक बंद होना,નાક બંધ થવું,Respiratory,Respiratory,Low,No,Yes,Yes,Yes,"Blocked or stuffy nose, commonly from cold, allergy, or sinus infection.",Draft - pending clinical review
S000035,Runny Nose,नाक बहना,નાક વહેવું,Respiratory,Respiratory,Low,No,Yes,Yes,Yes,"Excess discharge from the nose, usually with colds or allergies.",Draft - pending clinical review
S000036,Loss of Smell,सूंघने की शक्ति कम होना,સૂંઘવાની ક્ષમતા ઓછી થવી,Respiratory,Respiratory,Low,No,No,Yes,Yes,"Reduced or absent sense of smell, which can accompany colds, allergies, or viral infections.",Draft - pending clinical review
S000037,Sinus Pain or Pressure,साइनस में दर्द या दबाव,સાઇનસમાં દુખાવો કે દબાણ,Respiratory,Respiratory,Low,No,No,Yes,Yes,"Pain or pressure around the forehead, cheeks, or eyes from sinus congestion.",Draft - pending clinical review
S000038,Snoring with Breathing Pauses,खर्राटे के साथ सांस रुकना,નસકોરાં સાથે શ્વાસ અટકવો,Respiratory,Respiratory,Medium,No,No,Yes,Yes,Loud snoring accompanied by brief pauses in breathing during sleep.,Draft - pending clinical review
S000039,Bluish Lips or Face (Cyanosis),होंठ या चेहरे का नीला पड़ना,હોઠ કે ચહેરાનું ભૂરું પડવું,Respiratory,Respiratory,High,Yes,Yes,Yes,Yes,A bluish tinge to the lips or skin indicating low oxygen levels — a medical emergency.,Draft - pending clinical review
S000040,Chest Pain While Breathing,सांस लेते समय छाती में दर्द,શ્વાસ લેતી વખતે છાતીમાં દુખાવો,Respiratory,Respiratory,High,Yes,No,Yes,Yes,Sharp chest pain that worsens with breathing or coughing.,Draft - pending clinical review
S000041,Persistent Cough (more than 3 weeks),3 हफ्तों से ज़्यादा लगातार खांसी,3 અઠવાડિયાથી વધુ સતત ઉધરસ,Respiratory,Respiratory,Medium,No,No,Yes,Yes,"A cough lasting more than three weeks, which should be medically evaluated.",Draft - pending clinical review
S000042,Breathlessness on Mild Exertion,हल्के काम में भी सांस फूलना,હળવા કામમાં પણ શ્વાસ ચઢવો,Respiratory,Respiratory,Medium,No,No,Yes,Yes,Getting out of breath with activity that previously did not cause difficulty.,Draft - pending clinical review
S000043,Choking Sensation,गला घुटने जैसा महसूस होना,ગળું રૂંધાવા જેવું લાગવું,Respiratory,Respiratory,High,Yes,No,Yes,Yes,"A feeling of being unable to breathe properly, sometimes from airway obstruction.",Draft - pending clinical review
S000044,Rattling Sound in Chest,छाती में घरघराहट की आवाज़,છાતીમાં ઘરઘરાટીનો અવાજ,Respiratory,Respiratory,Medium,No,Yes,No,Yes,"A crackling or rattling sound heard with breathing, often from mucus in the airways.",Draft - pending clinical review
S000045,Sudden Severe Breathlessness with Blue Lips,अचानक तेज़ सांस फूलना और होंठ नीले पड़ना,અચાનક તીવ્ર શ્વાસ ચઢવો અને હોઠ ભૂરા પડવા,Respiratory,Respiratory,High,Yes,Yes,Yes,Yes,"Sudden, severe breathing difficulty with bluish lips — requires emergency care immediately.",Draft - pending clinical review
S000046,Chest Pain,छाती में दर्द,છાતીમાં દુખાવો,Cardiovascular,Cardiovascular,High,Yes,No,Yes,Yes,Pain or discomfort in the chest that can range from mild to severe and needs evaluation.,Draft - pending clinical review
S000047,"Chest Pain Radiating to Arm, Jaw, or Back","छाती का दर्द बांह, जबड़े या पीठ तक फैलना","છાતીનો દુખાવો હાથ, જડબા કે પીઠ સુધી ફેલાવો",Cardiovascular,Cardiovascular,High,Yes,No,Yes,Yes,"Chest pain spreading to the arm, jaw, or back — a classic warning sign of a heart problem.",Draft - pending clinical review
S000048,Palpitations (Racing Heart),दिल की धड़कन तेज़ महसूस होना,હૃદયના ધબકારા ઝડપી લાગવા,Cardiovascular,Cardiovascular,Medium,No,No,Yes,Yes,"A sensation of the heart racing, fluttering, or pounding.",Draft - pending clinical review
S000049,Irregular Heartbeat (Arrhythmia),दिल की धड़कन अनियमित होना,હૃદયના ધબકારા અનિયમિત હોવા,Cardiovascular,Cardiovascular,High,Yes,No,Yes,Yes,"A heartbeat that feels irregular, skipping, or out of rhythm.",Draft - pending clinical review
S000050,Fainting (Syncope),बेहोश हो जाना,બેભાન થઈ જવું,Cardiovascular,Cardiovascular,High,Yes,No,Yes,Yes,"A sudden, temporary loss of consciousness, often due to reduced blood flow to the brain.",Draft - pending clinical review
S000051,Dizziness on Standing (Orthostatic),खड़े होने पर चक्कर आना,ઊભા થવા પર ચક્કર આવવા,Cardiovascular,Cardiovascular,Medium,No,No,Yes,Yes,"Lightheadedness that occurs when standing up quickly, often from a drop in blood pressure.",Draft - pending clinical review
S000052,Swelling in Legs or Ankles (Edema),पैरों या टखनों में सूजन,પગ કે પગની ઘૂંટીમાં સોજો,Cardiovascular,Cardiovascular,Medium,No,No,Yes,Yes,"Fluid buildup causing swelling in the lower legs, often related to heart or kidney function.",Draft - pending clinical review
S000053,Cold Hands and Feet,हाथ-पैर ठंडे रहना,હાથ-પગ ઠંડા રહેવા,Cardiovascular,Cardiovascular,Low,No,Yes,Yes,Yes,"Persistently cold extremities, which can relate to circulation issues.",Draft - pending clinical review
S000054,Bluish Fingertips (Peripheral Cyanosis),उंगलियों का नीला पड़ना,આંગળીઓનું ભૂરું પડવું,Cardiovascular,Cardiovascular,High,Yes,No,Yes,Yes,A bluish tint to the fingertips indicating poor oxygen delivery.,Draft - pending clinical review
S000055,Chest Pain with Sweating and Nausea,पसीने और उल्टी के साथ छाती में दर्द,પરસેવા અને ઉલટી સાથે છાતીમાં દુખાવો,Cardiovascular,Cardiovascular,High,Yes,No,Yes,Yes,Chest pain accompanied by sweating and nausea — a strong warning sign of a possible heart attack.,Draft - pending clinical review
S000056,Rapid Heart Rate (Tachycardia),दिल की धड़कन का तेज़ होना,હૃદયના ધબકારાનું ઝડપી થવું,Cardiovascular,Cardiovascular,Medium,No,No,Yes,Yes,A heart rate faster than normal for the person's age and activity level.,Draft - pending clinical review
S000057,Slow Heart Rate (Bradycardia),दिल की धड़कन का धीमा होना,હૃદયના ધબકારાનું ધીમું થવું,Cardiovascular,Cardiovascular,Medium,No,No,No,Yes,"A heart rate slower than expected, which can cause dizziness or fatigue.",Draft - pending clinical review
S000058,Leg Pain While Walking (Claudication),चलने पर पैर में दर्द होना,ચાલવા પર પગમાં દુખાવો,Cardiovascular,Cardiovascular,Medium,No,No,No,Yes,"Cramping leg pain during walking that eases with rest, linked to reduced blood flow.",Draft - pending clinical review
S000059,Fluttering Sensation in Chest,छाती में फड़फड़ाहट महसूस होना,છાતીમાં ફફડાટ અનુભવવો,Cardiovascular,Cardiovascular,Low,No,No,Yes,Yes,"A brief fluttering or skipping feeling in the chest, usually harmless but worth noting if frequent.",Draft - pending clinical review
S000060,Sudden Severe Chest Pain with Breathlessness,अचानक तेज़ छाती का दर्द और सांस फूलना,અચાનક તીવ્ર છાતીનો દુખાવો અને શ્વાસ ચઢવો,Cardiovascular,Cardiovascular,High,Yes,No,Yes,Yes,"Sudden, severe chest pain with breathing difficulty — requires emergency evaluation.",Draft - pending clinical review
S000061,Headache,सिरदर्द,માથાનો દુખાવો,Neurology,Neurology,Low,No,Yes,Yes,Yes,"Pain in the head that varies in intensity and cause, from tension to underlying illness.",Draft - pending clinical review
S000062,Sudden Severe Headache (Thunderclap),अचानक बहुत तेज़ सिरदर्द,અચાનક ખૂબ જ તીવ્ર માથાનો દુખાવો,Neurology,Neurology,High,Yes,No,Yes,Yes,"An abrupt, extremely severe headache reaching peak intensity within seconds — needs emergency care.",Draft - pending clinical review
S000063,Migraine,माइग्रेन,માઇગ્રેન,Neurology,Neurology,Medium,No,No,Yes,Yes,"A recurring headache disorder often with throbbing pain, nausea, and light sensitivity.",Draft - pending clinical review
S000064,Dizziness,चक्कर आना,ચક્કર આવવા,Neurology,Neurology,Low,No,Yes,Yes,Yes,A sensation of unsteadiness or lightheadedness.,Draft - pending clinical review
S000065,Vertigo (Spinning Sensation),चक्कर के साथ घूमने जैसा महसूस होना,ચક્કર સાથે ફરવા જેવું લાગવું,Neurology,Neurology,Medium,No,No,Yes,Yes,A false sensation that the surroundings or self are spinning.,Draft - pending clinical review
S000066,Sudden One-Sided Weakness (Stroke Warning),अचानक शरीर के एक तरफ कमजोरी (स्ट्रोक का संकेत),અચાનક શરીરની એક બાજુ નબળાઈ (સ્ટ્રોકનું ચિહ્ન),Neurology,Neurology,High,Yes,No,Yes,Yes,Sudden weakness or numbness on one side of the body — a classic stroke warning sign.,Draft - pending clinical review
S000067,Slurred Speech,बोलने में लड़खड़ाहट,બોલવામાં ગોટાળો,Neurology,Neurology,High,Yes,No,Yes,Yes,Speech that suddenly becomes unclear or difficult to understand — can indicate stroke.,Draft - pending clinical review
S000068,Facial Drooping,चेहरे का एक तरफ लटक जाना,ચહેરાની એક બાજુ ઝૂકી જવી,Neurology,Neurology,High,Yes,No,Yes,Yes,Sudden drooping on one side of the face — a key stroke warning sign.,Draft - pending clinical review
S000069,Numbness or Tingling,सुन्नपन या झुनझुनी,બહેરાશ કે ઝણઝણાટી,Neurology,Neurology,Low,No,Yes,Yes,Yes,"A loss of sensation or a pins-and-needles feeling, usually in the hands, feet, or face.",Draft - pending clinical review
S000070,Seizures,दौरे पड़ना,હુમલા (ફિટ) આવવા,Neurology,Neurology,High,Yes,Yes,Yes,Yes,"Sudden, uncontrolled electrical activity in the brain causing convulsions or altered awareness.",Draft - pending clinical review
S000071,Loss of Consciousness,बेहोश हो जाना,બેભાન થઈ જવું,Neurology,Neurology,High,Yes,Yes,Yes,Yes,A temporary or prolonged loss of awareness and responsiveness — always needs urgent evaluation.,Draft - pending clinical review
S000072,Memory Loss or Confusion,याददाश्त कमज़ोर होना या भ्रम,યાદશક્તિ નબળી પડવી કે મૂંઝવણ,Neurology,Neurology,Medium,No,No,Yes,Yes,"Difficulty remembering things or sudden disorientation about time, place, or people.",Draft - pending clinical review
S000073,Difficulty Speaking or Understanding Speech,बोलने या समझने में कठिनाई,બોલવામાં કે સમજવામાં તકલીફ,Neurology,Neurology,High,Yes,No,Yes,Yes,"Sudden trouble finding words, speaking clearly, or understanding others — a stroke warning sign.",Draft - pending clinical review
S000074,Tremors,हाथ-पैर कांपना,હાથ-પગ ધ્રુજવા,Neurology,Neurology,Medium,No,No,Yes,Yes,"Involuntary shaking or trembling, often in the hands.",Draft - pending clinical review
S000075,Loss of Balance or Coordination,संतुलन या तालमेल बिगड़ना,સંતુલન કે તાલમેલ ખોરવાવો,Neurology,Neurology,Medium,No,No,Yes,Yes,Difficulty walking steadily or coordinating movements.,Draft - pending clinical review
S000076,Blurred or Double Vision,धुंधला या दोहरा दिखना,અસ્પષ્ટ કે બેવડું દેખાવું,Neurology,Neurology,Medium,No,No,Yes,Yes,Vision that appears unclear or shows two images of a single object.,Draft - pending clinical review
S000077,Sudden Vision Loss,अचानक दिखना बंद हो जाना,અચાનક દેખાવાનું બંધ થવું,Neurology,Neurology,High,Yes,No,Yes,Yes,A sudden loss of sight in one or both eyes — requires emergency evaluation.,Draft - pending clinical review
S000078,Neck Stiffness with Fever,बुखार के साथ गर्दन का अकड़ना,તાવ સાથે ગરદન અકડાવી,Neurology,Neurology,High,Yes,Yes,Yes,Yes,A stiff neck combined with fever can be a sign of meningitis and needs urgent care.,Draft - pending clinical review
S000079,Sensitivity to Light (Photophobia),रोशनी से आंखों में तकलीफ होना,પ્રકાશથી આંખોમાં તકલીફ થવી,Neurology,Neurology,Low,No,No,Yes,Yes,Discomfort or pain in the eyes when exposed to light.,Draft - pending clinical review
S000080,Involuntary Movements,अनैच्छिक हरकतें,અનૈચ્છિક હલનચલન,Neurology,Neurology,Medium,No,No,Yes,Yes,Movements of the body that happen without conscious control.,Draft - pending clinical review
S000081,Difficulty Swallowing (Neurological),निगलने में कठिनाई,ગળવામાં તકલીફ,Neurology,Neurology,High,Yes,No,No,Yes,New difficulty swallowing that can accompany neurological conditions.,Draft - pending clinical review
S000082,Head Injury with Vomiting,सिर की चोट के साथ उल्टी,માથાની ઈજા સાથે ઉલટી,Neurology,Neurology,High,Yes,Yes,Yes,Yes,Vomiting after a head injury can indicate a serious brain injury and needs urgent evaluation.,Draft - pending clinical review
S000083,Persistent Headache with Vomiting,लगातार सिरदर्द के साथ उल्टी,સતત માથાનો દુખાવો સાથે ઉલટી,Neurology,Neurology,High,Yes,No,Yes,Yes,A headache that persists along with repeated vomiting — needs prompt medical review.,Draft - pending clinical review
S000084,Weakness in Limbs,हाथ-पैरों में कमजोरी,હાથ-પગમાં નબળાઈ,Neurology,Neurology,Medium,No,No,Yes,Yes,"Reduced strength in the arms or legs, which can have several causes.",Draft - pending clinical review
S000085,Pins and Needles Sensation,चींटी चलने जैसा महसूस होना,કીડી ચાલવા જેવું લાગવું,Neurology,Neurology,Low,No,Yes,Yes,Yes,A tingling sensation often caused by pressure on a nerve or poor circulation.,Draft - pending clinical review
S000086,Nausea,जी मिचलाना,ઊબકા આવવા,Gastrointestinal,Gastrointestinal,Low,No,Yes,Yes,Yes,A feeling of unease in the stomach with an urge to vomit.,Draft - pending clinical review
S000087,Vomiting,उल्टी होना,ઉલટી થવી,Gastrointestinal,Gastrointestinal,Medium,No,Yes,Yes,Yes,Forceful expulsion of stomach contents through the mouth.,Draft - pending clinical review
S000088,Vomiting Blood (Hematemesis),उल्टी में खून आना,ઉલટીમાં લોહી આવવું,Gastrointestinal,Gastrointestinal,High,Yes,No,Yes,Yes,Vomiting that contains blood — always requires urgent medical attention.,Draft - pending clinical review
S000089,Diarrhea,दस्त लगना,ઝાડા થવા,Gastrointestinal,Gastrointestinal,Medium,No,Yes,Yes,Yes,"Frequent, loose, or watery bowel movements.",Draft - pending clinical review
S000090,Bloody Diarrhea,खून वाले दस्त,લોહીવાળા ઝાડા,Gastrointestinal,Gastrointestinal,High,Yes,No,Yes,Yes,"Diarrhea containing visible blood, which needs prompt medical evaluation.",Draft - pending clinical review
S000091,Constipation,कब्ज़,કબજિયાત,Gastrointestinal,Gastrointestinal,Low,No,Yes,Yes,Yes,Difficulty passing stool or infrequent bowel movements.,Draft - pending clinical review
S000092,Abdominal Pain,पेट में दर्द,પેટમાં દુખાવો,Gastrointestinal,Gastrointestinal,Medium,No,Yes,Yes,Yes,"Pain anywhere between the chest and pelvis, with many possible causes.",Draft - pending clinical review
S000093,Severe Abdominal Pain with Rigidity,पेट में तेज़ दर्द के साथ सख्तपन,પેટમાં તીવ્ર દુખાવો સાથે કડકપણું,Gastrointestinal,Gastrointestinal,High,Yes,No,Yes,Yes,"Intense abdominal pain with a rigid, board-like abdomen — a surgical emergency warning sign.",Draft - pending clinical review
S000094,Bloating,पेट फूलना,પેટ ફૂલવું,Gastrointestinal,Gastrointestinal,Low,No,Yes,Yes,Yes,A feeling of fullness or swelling in the abdomen.,Draft - pending clinical review
S000095,Heartburn or Acid Reflux,सीने में जलन,છાતીમાં બળતરા,Gastrointestinal,Gastrointestinal,Low,No,No,Yes,Yes,A burning sensation in the chest caused by stomach acid moving upward.,Draft - pending clinical review
S000096,Black or Tarry Stools (Melena),काला या टार जैसा मल,કાળો કે ડામર જેવો મળ,Gastrointestinal,Gastrointestinal,High,Yes,No,Yes,Yes,"Dark, sticky stools that can indicate bleeding higher in the digestive tract.",Draft - pending clinical review
S000097,Blood in Stool,मल में खून आना,મળમાં લોહી આવવું,Gastrointestinal,Gastrointestinal,High,Yes,No,Yes,Yes,"Visible blood in the stool, which needs medical evaluation to identify the cause.",Draft - pending clinical review
S000098,Abdominal Swelling or Distension,पेट का फूल जाना,પેટ ફૂલી જવું,Gastrointestinal,Gastrointestinal,Medium,No,No,Yes,Yes,"Noticeable enlargement of the abdomen, sometimes from fluid or gas buildup.",Draft - pending clinical review
S000099,Persistent Vomiting in Children,बच्चों में लगातार उल्टी,બાળકોમાં સતત ઉલટી,Gastrointestinal,Gastrointestinal,High,Yes,No,No,Yes,Ongoing vomiting in a child that risks dehydration and needs prompt attention.,Draft - pending clinical review
S000100,Rectal Pain,गुदा में दर्द,ગુદામાં દુખાવો,Gastrointestinal,Gastrointestinal,Medium,No,No,Yes,Yes,"Pain around the anus or rectum, with several possible causes.",Draft - pending clinical review
S000101,Excessive Belching,अधिक डकार आना,વધુ ઓડકાર આવવા,Gastrointestinal,Gastrointestinal,Low,No,No,Yes,Yes,"Frequent burping, often related to swallowed air or digestive issues.",Draft - pending clinical review
S000102,Stomach Cramps,पेट में मरोड़,પેટમાં ચૂંક,Gastrointestinal,Gastrointestinal,Low,No,Yes,Yes,Yes,"Sudden, sharp muscle contractions in the abdomen.",Draft - pending clinical review
S000103,Indigestion,अपच,અપચો,Gastrointestinal,Gastrointestinal,Low,No,No,Yes,Yes,"Discomfort or a feeling of fullness after eating, often with bloating or nausea.",Draft - pending clinical review
S000104,Difficulty Passing Stool,मल त्याग में कठिनाई,મળ ત્યાગમાં તકલીફ,Gastrointestinal,Gastrointestinal,Low,No,No,Yes,Yes,Straining or difficulty during bowel movements.,Draft - pending clinical review
S000105,Mucus in Stool,मल में बलगम आना,મળમાં લાળ આવવી,Gastrointestinal,Gastrointestinal,Medium,No,No,Yes,Yes,"Visible mucus in the stool, which can accompany infection or bowel irritation.",Draft - pending clinical review
S000106,Loose Motions with Fever,बुखार के साथ दस्त,તાવ સાથે ઝાડા,Gastrointestinal,Gastrointestinal,Medium,No,Yes,Yes,Yes,"Diarrhea occurring together with fever, often suggesting an infectious cause.",Draft - pending clinical review
S000107,Severe Dehydration from Diarrhea/Vomiting,दस्त/उल्टी से गंभीर पानी की कमी,ઝાડા/ઉલટીથી ગંભીર પાણીની ઉણપ,Gastrointestinal,Gastrointestinal,High,Yes,Yes,Yes,Yes,Significant fluid loss from ongoing diarrhea or vomiting — needs urgent rehydration and care.,Draft - pending clinical review
S000108,"Worm Infestation Symptoms (Itching, Visible Worms)",पेट के कीड़े के लक्षण,પેટના કીડાના લક્ષણો,Gastrointestinal,Gastrointestinal,Low,No,Yes,No,No,"Signs such as anal itching or visible worms in stool, common in children.",Draft - pending clinical review
S000109,Skin Rash,त्वचा पर चकत्ते,ત્વચા પર ચકામા,Skin,Skin,Low,No,Yes,Yes,Yes,"An area of irritated, discolored, or bumpy skin.",Draft - pending clinical review
S000110,Itching (Pruritus),खुजली,ખંજવાળ,Skin,Skin,Low,No,Yes,Yes,Yes,A sensation that causes the urge to scratch.,Draft - pending clinical review
S000111,Hives (Urticaria),पित्ती/शीतपित्त,શીળસ,Skin,Skin,Medium,No,Yes,Yes,Yes,"Raised, itchy welts on the skin, often from an allergic reaction.",Draft - pending clinical review
S000112,Skin Redness,त्वचा का लाल होना,ત્વચા લાલ થવી,Skin,Skin,Low,No,Yes,Yes,Yes,"Reddened skin, which can be caused by irritation, infection, or allergy.",Draft - pending clinical review
S000113,Dry Skin,त्वचा का रूखापन,ત્વચાની શુષ્કતા,Skin,Skin,Low,No,Yes,Yes,Yes,"Skin that feels rough, flaky, or lacks moisture.",Draft - pending clinical review
S000114,Skin Sores or Lesions,त्वचा पर घाव,ત્વચા પર ચાંદા,Skin,Skin,Medium,No,Yes,Yes,Yes,Open or abnormal areas on the skin that may need evaluation.,Draft - pending clinical review
S000115,Boils,फोड़े-फुंसी,ગૂમડાં,Skin,Skin,Medium,No,Yes,Yes,Yes,"Painful, pus-filled bumps under the skin caused by infection.",Draft - pending clinical review
S000116,Acne,मुंहासे,ખીલ,Skin,Skin,Low,No,Yes,Yes,No,"Inflamed spots or pimples, most common during adolescence.",Draft - pending clinical review
S000117,Skin Discoloration,त्वचा के रंग में बदलाव,ત્વચાના રંગમાં ફેરફાર,Skin,Skin,Low,No,Yes,Yes,Yes,"Patches of skin that appear lighter, darker, or differently colored than surrounding skin.",Draft - pending clinical review
S000118,Bruising Easily,आसानी से नील पड़ना,સહેલાઈથી ઉઝરડા પડવા,Skin,Skin,Medium,No,No,Yes,Yes,Developing bruises from minor bumps more easily than usual.,Draft - pending clinical review
S000119,Skin Peeling,त्वचा का उतरना,ત્વચા ઉખડવી,Skin,Skin,Low,No,Yes,Yes,Yes,"Shedding of the outer layer of skin, often after sunburn or infection.",Draft - pending clinical review
S000120,Blisters,छाले,ફોલ્લા,Skin,Skin,Medium,No,Yes,Yes,Yes,"Fluid-filled bumps on the skin caused by friction, burns, or infection.",Draft - pending clinical review
S000121,Hair Loss,बाल झड़ना,વાળ ખરવા,Skin,Skin,Low,No,No,Yes,Yes,Thinning or shedding of hair beyond the normal daily amount.,Draft - pending clinical review
S000122,"Nail Changes (Color, Shape, Texture)",नाखूनों में बदलाव,નખમાં ફેરફાર,Skin,Skin,Low,No,No,Yes,Yes,"Changes in the color, thickness, or shape of the nails.",Draft - pending clinical review
S000123,Severe Allergic Skin Swelling (Angioedema),एलर्जी से चेहरे/होंठ में गंभीर सूजन,એલર્જીથી ચહેરા/હોઠમાં ગંભીર સોજો,Skin,Skin,High,Yes,Yes,Yes,Yes,"Sudden, severe swelling under the skin, often around the face or lips, from a severe allergic reaction.",Draft - pending clinical review
S000124,Fungal Skin Infection Signs (Ring-shaped Rash),फंगल संक्रमण के लक्षण (गोल आकार के दाने),ફૂગના ચેપના ચિહ્નો (ગોળાકાર ચકામા),Skin,Skin,Low,No,Yes,Yes,Yes,"A ring-shaped, itchy rash typical of a fungal skin infection.",Draft - pending clinical review
S000125,Itching Worse at Night (Possible Scabies),रात में बढ़ने वाली खुजली,રાત્રે વધતી ખંજવાળ,Skin,Skin,Low,No,Yes,Yes,Yes,"Intense itching that worsens at night, which can suggest a scabies infestation.",Draft - pending clinical review
S000126,Skin Ulcers,त्वचा में गहरे घाव,ત્વચામાં ઊંડા ચાંદા,Skin,Skin,Medium,No,No,No,Yes,Open sores on the skin that fail to heal normally.,Draft - pending clinical review
S000127,Petechiae (Small Red or Purple Spots),त्वचा पर छोटे लाल/बैंगनी धब्बे,ત્વચા પર નાના લાલ/જાંબલી ટપકાં,Skin,Skin,High,Yes,No,Yes,Yes,"Tiny, pinpoint red or purple spots on the skin that can indicate a bleeding or platelet problem.",Draft - pending clinical review
S000128,Severe Burns,गंभीर जलन,ગંભીર દાઝવું,Skin,Skin,High,Yes,Yes,Yes,Yes,Deep or extensive burns that need urgent medical care.,Draft - pending clinical review
S000129,Wound Not Healing,घाव न भरना,ઘા ન રૂઝાવો,Skin,Skin,Medium,No,No,No,Yes,"A cut or wound that fails to heal within the expected time, especially relevant in diabetes.",Draft - pending clinical review
S000130,"Redness, Warmth, and Swelling of Skin (Cellulitis Signs)","त्वचा में लालिमा, गर्माहट और सूजन","ત્વચામાં લાલાશ, ગરમાવો અને સોજો",Skin,Skin,High,Yes,No,Yes,Yes,"Spreading redness, warmth, and swelling of the skin that can indicate a bacterial skin infection.",Draft - pending clinical review
S000131,Joint Pain,जोड़ों में दर्द,સાંધામાં દુખાવો,Musculoskeletal,Musculoskeletal,Low,No,Yes,Yes,Yes,Pain in one or more joints of the body.,Draft - pending clinical review
S000132,Joint Swelling,जोड़ों में सूजन,સાંધામાં સોજો,Musculoskeletal,Musculoskeletal,Medium,No,No,Yes,Yes,Visible enlargement or puffiness of a joint.,Draft - pending clinical review
S000133,Muscle Pain,मांसपेशियों में दर्द,સ્નાયુમાં દુખાવો,Musculoskeletal,Musculoskeletal,Low,No,Yes,Yes,Yes,"Pain in the muscles, which can result from strain, tension, or illness.",Draft - pending clinical review
S000134,Muscle Weakness,मांसपेशियों की कमजोरी,સ્નાયુની નબળાઈ,Musculoskeletal,Musculoskeletal,Medium,No,No,Yes,Yes,Reduced strength in one or more muscle groups.,Draft - pending clinical review
S000135,Back Pain,कमर दर्द,કમરનો દુખાવો,Musculoskeletal,Musculoskeletal,Low,No,No,Yes,Yes,"Pain anywhere along the spine, from the neck to the lower back.",Draft - pending clinical review
S000136,Neck Pain,गर्दन में दर्द,ગરદનમાં દુખાવો,Musculoskeletal,Musculoskeletal,Low,No,No,Yes,Yes,Discomfort or stiffness in the neck region.,Draft - pending clinical review
S000137,Muscle Cramps,मांसपेशियों में ऐंठन,સ્નાયુમાં ખેંચાણ,Musculoskeletal,Musculoskeletal,Low,No,No,Yes,Yes,"Sudden, involuntary tightening of a muscle.",Draft - pending clinical review
S000138,Morning Joint Stiffness,सुबह जोड़ों में अकड़न,સવારે સાંધામાં જકડાટ,Musculoskeletal,Musculoskeletal,Low,No,No,Yes,Yes,Stiffness in the joints that is most noticeable after waking up.,Draft - pending clinical review
S000139,Limited Range of Motion,जोड़ों की गति सीमित होना,સાંધાની હલનચલન મર્યાદિત થવી,Musculoskeletal,Musculoskeletal,Medium,No,No,Yes,Yes,Difficulty moving a joint through its normal full range.,Draft - pending clinical review
S000140,Bone Pain,हड्डी में दर्द,હાડકામાં દુખાવો,Musculoskeletal,Musculoskeletal,Medium,No,No,Yes,Yes,"Deep, persistent pain felt in the bones rather than muscles or joints.",Draft - pending clinical review
S000141,Muscle Spasms,मांसपेशियों में ऐंठन का दौरा,સ્નાયુમાં ખેંચાણનો હુમલો,Musculoskeletal,Musculoskeletal,Low,No,No,Yes,Yes,"Sudden, involuntary muscle contractions.",Draft - pending clinical review
S000142,Difficulty Walking,चलने में कठिनाई,ચાલવામાં તકલીફ,Musculoskeletal,Musculoskeletal,Medium,No,No,Yes,Yes,"Trouble walking normally due to pain, weakness, or balance issues.",Draft - pending clinical review
S000143,Swelling in a Single Joint with Redness and Warmth,"एक जोड़ में सूजन, लालिमा और गर्माहट","એક સાંધામાં સોજો, લાલાશ અને ગરમાવો",Musculoskeletal,Musculoskeletal,High,Yes,No,Yes,Yes,"A single hot, swollen, red joint can indicate infection and needs urgent evaluation.",Draft - pending clinical review
S000144,Lower Back Pain Radiating to Leg (Sciatica),कमर से पैर तक फैलने वाला दर्द,કમરથી પગ સુધી ફેલાતો દુખાવો,Musculoskeletal,Musculoskeletal,Medium,No,No,Yes,Yes,"Pain that travels from the lower back down one leg, often from nerve compression.",Draft - pending clinical review
S000145,Muscle Wasting,मांसपेशियों का घटना,સ્નાયુ ઘટવા,Musculoskeletal,Musculoskeletal,Medium,No,No,No,Yes,Noticeable loss of muscle bulk over time.,Draft - pending clinical review
S000146,Inability to Bear Weight After Injury,चोट के बाद वजन न सह पाना,ઈજા પછી વજન સહન ન કરી શકવું,Musculoskeletal,Musculoskeletal,High,Yes,No,Yes,Yes,"Being unable to stand or put weight on a limb after an injury, suggesting a possible fracture.",Draft - pending clinical review
S000147,Growing Pains in Children,बच्चों में बढ़ने के दौरान दर्द,બાળકોમાં વૃદ્ધિ દરમિયાન દુખાવો,Musculoskeletal,Musculoskeletal,Low,No,Yes,No,No,"Aches in the legs of children, usually in the evening, without an underlying disease.",Draft - pending clinical review
S000148,Joint Deformity,जोड़ों की बनावट बिगड़ना,સાંધાનો આકાર બગડવો,Musculoskeletal,Musculoskeletal,Medium,No,No,No,Yes,A visible change in the normal shape or alignment of a joint.,Draft - pending clinical review
S000149,Persistent Sadness,लगातार उदासी महसूस होना,સતત ઉદાસી અનુભવવી,Mental Health,Mental Health,Medium,No,Yes,Yes,Yes,A prolonged feeling of low mood that does not lift with time.,Draft - pending clinical review
S000150,Excessive Anxiety or Worry,अत्यधिक चिंता होना,વધુ પડતી ચિંતા થવી,Mental Health,Mental Health,Medium,No,Yes,Yes,Yes,"Ongoing, excessive worry that is hard to control and affects daily life.",Draft - pending clinical review
S000151,Panic Attacks,घबराहट का अचानक दौरा,અચાનક ગભરાટનો હુમલો,Mental Health,Mental Health,Medium,No,No,Yes,Yes,Sudden episodes of intense fear with physical symptoms like a racing heart and breathlessness.,Draft - pending clinical review
S000152,Difficulty Sleeping (Insomnia),नींद न आना,ઊંઘ ન આવવી,Mental Health,Mental Health,Low,No,Yes,Yes,Yes,"Trouble falling asleep, staying asleep, or getting restful sleep.",Draft - pending clinical review
S000153,Excessive Sleepiness,अत्यधिक नींद आना,વધુ પડતી ઊંઘ આવવી,Mental Health,Mental Health,Low,No,Yes,Yes,Yes,Feeling unusually drowsy or needing more sleep than normal.,Draft - pending clinical review
S000154,Irritability,चिड़चिड़ापन,ચીડિયાપણું,Mental Health,Mental Health,Low,No,Yes,Yes,Yes,Being easily annoyed or frustrated more than usual.,Draft - pending clinical review
S000155,Mood Swings,मूड में उतार-चढ़ाव,મૂડમાં ચડાવ-ઉતાર,Mental Health,Mental Health,Low,No,Yes,Yes,Yes,Rapid or intense changes in emotional state.,Draft - pending clinical review
S000156,Social Withdrawal,लोगों से दूरी बनाना,લોકોથી દૂર રહેવું,Mental Health,Mental Health,Medium,No,Yes,Yes,Yes,Avoiding social interaction or pulling away from friends and family.,Draft - pending clinical review
S000157,Difficulty Concentrating,ध्यान केंद्रित करने में कठिनाई,ધ્યાન કેન્દ્રિત કરવામાં તકલીફ,Mental Health,Mental Health,Low,No,Yes,Yes,Yes,Trouble focusing on tasks or conversations.,Draft - pending clinical review
S000158,Loss of Interest in Activities,पसंदीदा कामों में रुचि खत्म होना,ગમતાં કામોમાં રસ ન રહેવો,Mental Health,Mental Health,Medium,No,Yes,Yes,Yes,No longer finding pleasure in activities that were previously enjoyable.,Draft - pending clinical review
S000159,Feelings of Hopelessness,निराशा महसूस होना,નિરાશા અનુભવવી,Mental Health,Mental Health,Medium,No,Yes,Yes,Yes,A persistent sense that things will not improve.,Draft - pending clinical review
S000160,Suicidal Thoughts,आत्महत्या के विचार आना,આત્મહત્યાના વિચારો આવવા,Mental Health,Mental Health,High,Yes,Yes,Yes,Yes,Thoughts of ending one's own life — always requires immediate support and professional help.,Draft - pending clinical review
S000161,Racing Thoughts,विचारों का तेज़ी से आना,વિચારો ઝડપથી આવવા,Mental Health,Mental Health,Medium,No,No,Yes,Yes,Thoughts that move rapidly and feel difficult to slow down or control.,Draft - pending clinical review
S000162,Hallucinations,भ्रम में चीज़ें दिखना या सुनना,ભ્રમમાં વસ્તુઓ દેખાવી કે સંભળાવી,Mental Health,Mental Health,High,Yes,No,Yes,Yes,"Sensing things — seeing, hearing, or feeling — that are not actually present.",Draft - pending clinical review
S000163,Excessive Fear or Phobia,अत्यधिक डर लगना,વધુ પડતો ડર લાગવો,Mental Health,Mental Health,Medium,No,No,Yes,Yes,"An intense, persistent fear of a specific situation or object that is out of proportion to actual risk.",Draft - pending clinical review
S000164,Restlessness,बेचैनी,બેચેની,Mental Health,Mental Health,Low,No,Yes,Yes,Yes,A feeling of being unable to stay still or relaxed.,Draft - pending clinical review
S000165,Aggressive Behavior,आक्रामक व्यवहार,આક્રમક વર્તન,Mental Health,Mental Health,Medium,No,Yes,Yes,Yes,Unusually hostile or forceful behavior toward others or objects.,Draft - pending clinical review
S000166,Self-Harm Behavior,खुद को नुकसान पहुंचाने की प्रवृत्ति,પોતાને નુકસાન પહોંચાડવાની વૃત્તિ,Mental Health,Mental Health,High,Yes,Yes,Yes,Yes,Deliberately hurting oneself — always needs immediate professional support.,Draft - pending clinical review
S000167,Ear Pain,कान में दर्द,કાનમાં દુખાવો,ENT,ENT,Medium,No,Yes,Yes,Yes,"Pain felt in or around the ear, often from infection or pressure changes.",Draft - pending clinical review
S000168,Hearing Loss,सुनने की क्षमता कम होना,સાંભળવાની ક્ષમતા ઓછી થવી,ENT,ENT,Medium,No,No,Yes,Yes,A partial or complete reduction in the ability to hear.,Draft - pending clinical review
S000169,Ringing in Ears (Tinnitus),कानों में सीटी या घंटी बजना,કાનમાં સીટી કે ઘંટડી વાગવી,ENT,ENT,Low,No,No,Yes,Yes,"A perceived ringing, buzzing, or hissing sound in the ears without an external source.",Draft - pending clinical review
S000170,Ear Discharge,कान से पानी/मवाद आना,કાનમાંથી પ્રવાહી/પરુ નીકળવું,ENT,ENT,Medium,No,Yes,Yes,Yes,"Fluid or pus draining from the ear, often signaling infection.",Draft - pending clinical review
S000171,Nasal Blockage,नाक में रुकावट,નાકમાં અવરોધ,ENT,ENT,Low,No,Yes,Yes,Yes,A feeling of stuffiness or obstruction in the nasal passages.,Draft - pending clinical review
S000172,Nosebleed,नाक से खून आना,નાકમાંથી લોહી નીકળવું,ENT,ENT,Low,No,Yes,Yes,Yes,"Bleeding from the nose, usually from a minor blood vessel injury.",Draft - pending clinical review
S000173,Loss of Taste,स्वाद महसूस न होना,સ્વાદ ન અનુભવાવો,ENT,ENT,Low,No,No,Yes,Yes,Reduced or absent ability to taste food.,Draft - pending clinical review
S000174,Swollen Tonsils,टॉन्सिल में सूजन,કાકડામાં સોજો,ENT,ENT,Medium,No,Yes,Yes,No,"Enlarged, often red and painful tonsils, usually from infection.",Draft - pending clinical review
S000175,Bad Breath (Halitosis),मुंह से बदबू आना,મોંમાંથી દુર્ગંધ આવવી,ENT,ENT,Low,No,Yes,Yes,Yes,Persistent unpleasant breath odor.,Draft - pending clinical review
S000176,Post-Nasal Drip,गले में बलगम टपकना,ગળામાં કફ ટપકવો,ENT,ENT,Low,No,Yes,Yes,Yes,Mucus draining down the back of the throat from the nasal passages.,Draft - pending clinical review
S000177,Ear Fullness or Blocked Sensation,कान भरा हुआ महसूस होना,કાન ભરાયેલો લાગવો,ENT,ENT,Low,No,Yes,Yes,Yes,A sensation of pressure or blockage inside the ear.,Draft - pending clinical review
S000178,Throat Swelling,गले में सूजन,ગળામાં સોજો,ENT,ENT,High,Yes,Yes,Yes,Yes,Swelling in the throat that can affect breathing or swallowing — needs urgent attention if severe.,Draft - pending clinical review
S000179,Difficulty Opening Mouth,मुंह खोलने में कठिनाई,મોં ખોલવામાં તકલીફ,ENT,ENT,Medium,No,No,Yes,Yes,Restricted or painful jaw movement when trying to open the mouth.,Draft - pending clinical review
S000180,Foreign Body Sensation in Throat,गले में कुछ अटका होने जैसा महसूस होना,ગળામાં કંઈક ફસાયું હોય તેવું લાગવું,ENT,ENT,Medium,No,No,Yes,Yes,A persistent feeling that something is lodged in the throat.,Draft - pending clinical review
S000181,Irregular Periods,अनियमित मासिक धर्म,અનિયમિત માસિક,Women's Health,Women's Health,Low,No,No,Yes,No,Menstrual cycles that vary significantly in length or timing.,Draft - pending clinical review
S000182,Heavy Menstrual Bleeding,भारी मासिक रक्तस्राव,ભારે માસિક રક્તસ્રાવ,Women's Health,Women's Health,Medium,No,No,Yes,No,Menstrual bleeding that is unusually heavy or prolonged.,Draft - pending clinical review
S000183,Painful Periods (Dysmenorrhea),मासिक धर्म में दर्द,માસિકમાં દુખાવો,Women's Health,Women's Health,Low,No,No,Yes,No,Cramping pain in the lower abdomen during menstruation.,Draft - pending clinical review
S000184,Missed Period,मासिक धर्म का न आना,માસિક ન આવવું,Women's Health,Women's Health,Low,No,No,Yes,No,Absence of an expected menstrual period.,Draft - pending clinical review
S000185,Vaginal Discharge (Abnormal),असामान्य योनि स्राव,અસામાન્ય યોનિ સ્રાવ,Women's Health,Women's Health,Medium,No,No,Yes,No,"A change in color, smell, or amount of vaginal discharge that may indicate infection.",Draft - pending clinical review
S000186,Vaginal Itching,योनि में खुजली,યોનિમાં ખંજવાળ,Women's Health,Women's Health,Low,No,No,Yes,No,"Itching in the vaginal area, often from irritation or infection.",Draft - pending clinical review
S000187,Vaginal Bleeding Between Periods,मासिक धर्म के बीच रक्तस्राव,માસિક વચ્ચે રક્તસ્રાવ,Women's Health,Women's Health,Medium,No,No,Yes,No,Bleeding that occurs outside of the expected menstrual period.,Draft - pending clinical review
S000188,Pelvic Pain,पेल्विक क्षेत्र में दर्द,પેલ્વિક વિસ્તારમાં દુખાવો,Women's Health,Women's Health,Medium,No,No,Yes,Yes,"Pain in the lower abdomen or pelvis, with several possible causes.",Draft - pending clinical review
S000189,Breast Lump,स्तन में गांठ,સ્તનમાં ગાંઠ,Women's Health,Women's Health,Medium,No,No,Yes,Yes,A newly noticed lump or thickened area in the breast tissue that needs evaluation.,Draft - pending clinical review
S000190,Breast Pain,स्तन में दर्द,સ્તનમાં દુખાવો,Women's Health,Women's Health,Low,No,No,Yes,No,Discomfort or tenderness in one or both breasts.,Draft - pending clinical review
S000191,Nipple Discharge,निप्पल से स्राव,નિપલમાંથી સ્રાવ,Women's Health,Women's Health,Medium,No,No,Yes,No,Fluid coming from the nipple when not breastfeeding.,Draft - pending clinical review
S000192,Hot Flashes,गर्मी की अचानक लहर (हॉट फ्लैश),અચાનક ગરમીની લહેર,Women's Health,Women's Health,Low,No,No,No,Yes,"Sudden feelings of intense heat, often with sweating, common around menopause.",Draft - pending clinical review
S000193,Excessive Facial or Body Hair Growth,चेहरे या शरीर पर अत्यधिक बाल आना,ચહેરા કે શરીર પર વધુ પડતા વાળ આવવા,Women's Health,Women's Health,Low,No,No,Yes,No,"Unusual hair growth pattern, sometimes linked to hormonal conditions like PCOS.",Draft - pending clinical review
S000194,Lower Abdominal Pain in Pregnancy,गर्भावस्था में पेट के निचले हिस्से में दर्द,ગર્ભાવસ્થામાં પેટના નીચેના ભાગમાં દુખાવો,Women's Health,Women's Health,Medium,No,No,Yes,No,Abdominal pain during pregnancy that should be discussed with a doctor.,Draft - pending clinical review
S000195,Postmenopausal Bleeding,रजोनिवृत्ति के बाद रक्तस्राव,રજોનિવૃત્તિ પછી રક્તસ્રાવ,Women's Health,Women's Health,High,Yes,No,No,Yes,Any vaginal bleeding after menopause needs prompt medical evaluation.,Draft - pending clinical review
S000196,Painful Intercourse,संभोग के दौरान दर्द,સંભોગ દરમિયાન દુખાવો,Women's Health,Women's Health,Medium,No,No,Yes,No,Pain experienced during sexual intercourse.,Draft - pending clinical review
S000197,Severe Pelvic Pain with Fever,बुखार के साथ पेल्विक में तेज़ दर्द,તાવ સાથે પેલ્વિકમાં તીવ્ર દુખાવો,Women's Health,Women's Health,High,Yes,No,Yes,No,"Intense pelvic pain accompanied by fever, which needs urgent evaluation.",Draft - pending clinical review
S000198,Heavy Vaginal Bleeding with Dizziness (Emergency),चक्कर के साथ भारी योनि रक्तस्राव,ચક્કર સાથે ભારે યોનિ રક્તસ્રાવ,Women's Health,Women's Health,High,Yes,No,Yes,No,Very heavy vaginal bleeding accompanied by dizziness or weakness — needs emergency care.,Draft - pending clinical review
S000199,Pregnancy-related Headache with Swelling,गर्भावस्था में सिरदर्द के साथ सूजन,ગર્ભાવસ્થામાં માથાનો દુખાવો સાથે સોજો,Women's Health,Women's Health,High,Yes,No,Yes,No,Headache with swelling of the hands or face during pregnancy — a possible warning sign of pre-eclampsia.,Draft - pending clinical review
S000200,Testicular Pain,अंडकोष में दर्द,અંડકોષમાં દુખાવો,Men's Health,Men's Health,Medium,No,No,Yes,Yes,Pain in one or both testicles that should be medically evaluated.,Draft - pending clinical review
S000201,Sudden Severe Testicular Pain with Swelling,अंडकोष में अचानक तेज़ दर्द और सूजन,અંડકોષમાં અચાનક તીવ્ર દુખાવો અને સોજો,Men's Health,Men's Health,High,Yes,No,Yes,No,"Sudden, severe testicular pain with swelling can indicate torsion — a surgical emergency.",Draft - pending clinical review
S000202,Difficulty Urinating (Men),पेशाब करने में कठिनाई,પેશાબ કરવામાં તકલીફ,Men's Health,Men's Health,Medium,No,No,No,Yes,"Trouble starting or maintaining a urine stream, often related to prostate enlargement.",Draft - pending clinical review
S000203,Blood in Semen,वीर्य में खून आना,વીર્યમાં લોહી આવવું,Men's Health,Men's Health,Medium,No,No,Yes,Yes,"Blood noticed in the semen, which should be evaluated by a doctor.",Draft - pending clinical review
S000204,Groin Pain,कमर के जोड़ में दर्द,જાંઘના સાંધામાં દુખાવો,Men's Health,Men's Health,Medium,No,No,Yes,Yes,"Pain in the groin area, with causes ranging from muscle strain to hernia.",Draft - pending clinical review
S000205,Erectile Difficulty,स्तंभन दोष,ઉત્થાનની તકલીફ,Men's Health,Men's Health,Low,No,No,Yes,Yes,Difficulty achieving or maintaining an erection.,Draft - pending clinical review
S000206,Enlarged Prostate Symptoms (Frequent/Weak Urination),बढ़े हुए प्रोस्टेट के लक्षण,વધેલા પ્રોસ્ટેટના લક્ષણો,Men's Health,Men's Health,Medium,No,No,No,Yes,"Frequent or weak urination linked to an enlarged prostate gland, common in older men.",Draft - pending clinical review
S000207,Penile Discharge,लिंग से स्राव,શિશ્નમાંથી સ્રાવ,Men's Health,Men's Health,Medium,No,No,Yes,Yes,"Unusual discharge, which can indicate a sexually transmitted infection.",Draft - pending clinical review
S000208,Scrotal Swelling,अंडकोष की थैली में सूजन,અંડકોષની કોથળીમાં સોજો,Men's Health,Men's Health,Medium,No,No,Yes,Yes,"Swelling of the scrotum, which needs evaluation to determine the cause.",Draft - pending clinical review
S000209,Breast Enlargement in Men (Gynecomastia),पुरुषों में स्तन का बढ़ना,પુરુષોમાં સ્તન વધવું,Men's Health,Men's Health,Low,No,No,Yes,Yes,"Enlargement of breast tissue in men, often related to hormonal changes.",Draft - pending clinical review
S000210,Blurred Vision,धुंधला दिखना,અસ્પષ્ટ દેખાવું,Eye,Eye,Medium,No,Yes,Yes,Yes,Vision that lacks sharpness or clarity.,Draft - pending clinical review
S000211,Sudden Vision Loss (Eye),आंख से अचानक दिखना बंद होना,આંખથી અચાનક દેખાવાનું બંધ થવું,Eye,Eye,High,Yes,No,Yes,Yes,A sudden loss of vision in one or both eyes — a medical emergency requiring immediate evaluation.,Draft - pending clinical review
S000212,Eye Pain,आंख में दर्द,આંખમાં દુખાવો,Eye,Eye,Medium,No,Yes,Yes,Yes,Pain in or around the eye.,Draft - pending clinical review
S000213,Eye Redness,आंख का लाल होना,આંખ લાલ થવી,Eye,Eye,Low,No,Yes,Yes,Yes,"Redness of the white part of the eye, often from irritation or infection.",Draft - pending clinical review
S000214,Eye Discharge,आंख से पानी/चिपचिपा पदार्थ आना,આંખમાંથી પાણી/ચીકણો પદાર્થ નીકળવો,Eye,Eye,Low,No,Yes,Yes,Yes,"Fluid draining from the eye, often seen with conjunctivitis.",Draft - pending clinical review
S000215,Itchy Eyes,आंखों में खुजली,આંખોમાં ખંજવાળ,Eye,Eye,Low,No,Yes,Yes,Yes,"An itching sensation in or around the eyes, often from allergy.",Draft - pending clinical review
S000216,Double Vision,दोहरा दिखना,બેવડું દેખાવું,Eye,Eye,Medium,No,No,Yes,Yes,Seeing two images of a single object.,Draft - pending clinical review
S000217,Light Sensitivity,रोशनी सहन न होना,પ્રકાશ સહન ન થવો,Eye,Eye,Low,No,Yes,Yes,Yes,Discomfort in the eyes when exposed to light.,Draft - pending clinical review
S000218,Eye Swelling,आंख के आसपास सूजन,આંખની આસપાસ સોજો,Eye,Eye,Medium,No,Yes,Yes,Yes,Puffiness or swelling around the eye.,Draft - pending clinical review
S000219,Dry Eyes,आंखों में रूखापन,આંખોમાં શુષ્કતા,Eye,Eye,Low,No,No,Yes,Yes,A gritty or dry feeling in the eyes from reduced tear production.,Draft - pending clinical review
S000220,Excessive Tearing,आंखों से अधिक पानी आना,આંખોમાંથી વધુ પાણી આવવું,Eye,Eye,Low,No,Yes,Yes,Yes,"Tears that flow more than normal, which can have several causes.",Draft - pending clinical review
S000221,Floaters in Vision,आंखों के सामने धब्बे तैरते दिखना,આંખો સામે ટપકાં તરતાં દેખાવા,Eye,Eye,Low,No,No,No,Yes,Small specks or threads that seem to drift across the field of vision.,Draft - pending clinical review
S000222,Flashes of Light in Vision,आंखों में चमक जैसा दिखना,આંખોમાં ચમકારા દેખાવા,Eye,Eye,Medium,No,No,No,Yes,"Sudden flashes of light in the visual field, which can indicate a retinal problem.",Draft - pending clinical review
S000223,Sudden Severe Eye Pain with Vision Loss,आंख में अचानक तेज़ दर्द और दिखना बंद होना,આંખમાં અચાનક તીવ્ર દુખાવો અને દેખાવાનું બંધ થવું,Eye,Eye,High,Yes,No,Yes,Yes,Severe eye pain combined with vision loss is an emergency needing immediate care.,Draft - pending clinical review
S000224,Difficulty Seeing at Night,रात में देखने में कठिनाई,રાત્રે જોવામાં તકલીફ,Eye,Eye,Low,No,No,Yes,Yes,Reduced ability to see clearly in low light conditions.,Draft - pending clinical review
S000225,Excessive Thirst (Polydipsia),अत्यधिक प्यास (पॉलीडिप्सिया),વધુ પડતી તરસ,Endocrine,Endocrine,Medium,No,No,Yes,Yes,"Unusually strong or persistent thirst, often linked to blood sugar problems.",Draft - pending clinical review
S000226,Frequent Urination,बार-बार पेशाब आना,વારંવાર પેશાબ આવવો,Endocrine,Endocrine,Medium,No,No,Yes,Yes,"Urinating more often than usual, which can be related to diabetes or other conditions.",Draft - pending clinical review
S000227,Rapid Heartbeat (Thyroid-related),थायराइड से संबंधित तेज़ धड़कन,થાયરોઇડ સંબંધિત ઝડપી ધબકારા,Endocrine,Endocrine,Medium,No,No,Yes,Yes,A fast heartbeat that can accompany an overactive thyroid gland.,Draft - pending clinical review
S000228,Neck Swelling (Goiter),गर्दन में सूजन (गॉयटर),ગરદનમાં સોજો (ગોઇટર),Endocrine,Endocrine,Medium,No,No,Yes,Yes,Visible swelling at the front of the neck from an enlarged thyroid gland.,Draft - pending clinical review
S000229,Hair Thinning (Hormonal),बालों का पतला होना (हार्मोनल),વાળ પાતળા થવા (હોર્મોનલ),Endocrine,Endocrine,Low,No,No,Yes,Yes,"Hair becoming noticeably thinner, sometimes linked to thyroid or hormonal changes.",Draft - pending clinical review
S000230,Skin Darkening,त्वचा का काला पड़ना,ત્વચા કાળી પડવી,Endocrine,Endocrine,Low,No,No,Yes,Yes,"Patches of skin becoming darker than surrounding areas, sometimes linked to hormonal conditions.",Draft - pending clinical review
S000231,Excessive Hunger,अत्यधिक भूख लगना,વધુ પડતી ભૂખ લાગવી,Endocrine,Endocrine,Medium,No,No,Yes,Yes,"Unusually strong or frequent hunger, which can be linked to blood sugar imbalance.",Draft - pending clinical review
S000232,Slow Growth in Children (Hormonal),बच्चों में धीमी वृद्धि (हार्मोनल),બાળકોમાં ધીમી વૃદ્ધિ (હોર્મોનલ),Endocrine,Endocrine,Medium,No,Yes,No,No,"Growth that is slower than expected for a child's age, sometimes linked to hormone levels.",Draft - pending clinical review
S000233,"Low Blood Sugar Symptoms (Shakiness, Sweating, Confusion)",लो ब्लड शुगर के लक्षण,લો બ્લડ સુગરના લક્ષણો,Endocrine,Endocrine,High,Yes,No,Yes,Yes,"Shakiness, sweating, and confusion from a drop in blood sugar — needs prompt action.",Draft - pending clinical review
S000234,"High Blood Sugar Symptoms (Thirst, Blurred Vision, Fatigue)",हाई ब्लड शुगर के लक्षण,હાઈ બ્લડ સુગરના લક્ષણો,Endocrine,Endocrine,Medium,No,No,Yes,Yes,"Excess thirst, blurred vision, and fatigue that can indicate elevated blood sugar.",Draft - pending clinical review
S000235,"Diabetic Emergency Signs (Confusion, Fruity Breath)",डायबिटीज इमरजेंसी के लक्षण,ડાયાબિટીસ ઇમરજન્સીના લક્ષણો,Endocrine,Endocrine,High,Yes,No,Yes,Yes,Confusion combined with unusually fruity-smelling breath can signal a diabetic emergency requiring immediate care.,Draft - pending clinical review
S000236,Sudden Severe Weakness with Sweating (Hypoglycemia Emergency),अचानक गंभीर कमजोरी और पसीना (हाइपोग्लाइसीमिया),અચાનક ગંભીર નબળાઈ અને પરસેવો,Endocrine,Endocrine,High,Yes,No,Yes,Yes,A sudden combination of severe weakness and sweating can indicate dangerously low blood sugar.,Draft - pending clinical review
S000237,Painful Urination (Burning),पेशाब में जलन,પેશાબમાં બળતરા,Urinary,Urinary,Medium,No,Yes,Yes,Yes,"A burning or stinging sensation while urinating, often from a urinary tract infection.",Draft - pending clinical review
S000238,Blood in Urine,पेशाब में खून आना,પેશાબમાં લોહી આવવું,Urinary,Urinary,High,Yes,No,Yes,Yes,"Visible blood in the urine, which always needs medical evaluation.",Draft - pending clinical review
S000239,Difficulty Urinating,पेशाब करने में कठिनाई,પેશાબ કરવામાં તકલીફ,Urinary,Urinary,Medium,No,No,Yes,Yes,"Trouble starting, maintaining, or completing urination.",Draft - pending clinical review
S000240,Urinary Incontinence,पेशाब पर नियंत्रण न रहना,પેશાબ પર કાબૂ ન રહેવો,Urinary,Urinary,Medium,No,No,Yes,Yes,Involuntary leakage of urine.,Draft - pending clinical review
S000241,Cloudy or Foul-Smelling Urine,बदबूदार या गंदला पेशाब,દુર્ગંધયુક્ત કે ડહોળું પેશાબ,Urinary,Urinary,Low,No,Yes,Yes,Yes,"Urine that appears cloudy or has an unusual odor, often from infection.",Draft - pending clinical review
S000242,Lower Back Pain with Fever (Possible Kidney Infection),बुखार के साथ कमर दर्द (किडनी संक्रमण),તાવ સાથે કમરનો દુખાવો (કિડની ચેપ),Urinary,Urinary,High,Yes,No,Yes,Yes,"Back or flank pain combined with fever, which can indicate a kidney infection.",Draft - pending clinical review
S000243,Reduced Urine Output,पेशाब कम आना,પેશાબ ઓછો આવવો,Urinary,Urinary,High,Yes,No,Yes,Yes,"Passing noticeably less urine than usual, which can signal a kidney problem.",Draft - pending clinical review
S000244,Urgency to Urinate,अचानक पेशाब की तीव्र इच्छा,અચાનક પેશાબની તીવ્ર ઇચ્છા,Urinary,Urinary,Low,No,Yes,Yes,Yes,"A sudden, strong need to urinate that is hard to delay.",Draft - pending clinical review
S000245,Bedwetting in Children,बच्चों में बिस्तर गीला करना,બાળકોમાં પથારી ભીની કરવી,Urinary,Urinary,Low,No,Yes,No,No,Involuntary urination during sleep in children beyond the age it is typically expected to stop.,Draft - pending clinical review
S000246,Flank Pain,कमर के बगल में दर्द,કમરની બાજુમાં દુખાવો,Urinary,Urinary,Medium,No,No,Yes,Yes,"Pain on the side of the back below the ribs, often related to the kidneys.",Draft - pending clinical review
S000247,Foamy Urine,झागदार पेशाब,ફીણવાળું પેશાબ,Urinary,Urinary,Medium,No,No,Yes,Yes,"Urine that appears unusually foamy or bubbly, which can indicate excess protein loss.",Draft - pending clinical review
S000248,Complete Inability to Urinate,पेशाब बिल्कुल न आना,પેશાબ બિલકુલ ન આવવો,Urinary,Urinary,High,Yes,No,Yes,Yes,A complete inability to pass urine — a medical emergency requiring immediate care.,Draft - pending clinical review
S000249,Severe Flank Pain with Vomiting (Possible Kidney Stone),उल्टी के साथ कमर में तेज़ दर्द (किडनी की पथरी),ઉલટી સાથે કમરમાં તીવ્ર દુખાવો (કિડનીની પથરી),Urinary,Urinary,High,Yes,No,Yes,Yes,"Intense, wave-like flank pain with vomiting is a classic sign of a kidney stone.",Draft - pending clinical review
S000250,Weak Urine Stream,पेशाब की धार कमजोर होना,પેશાબની ધાર નબળી પડવી,Urinary,Urinary,Low,No,No,No,Yes,"A noticeably weaker flow of urine than before, often related to prostate enlargement.",Draft - pending clinical review
S000251,Nighttime Urination (Nocturia),रात में बार-बार पेशाब आना,રાત્રે વારંવાર પેશાબ આવવો,Urinary,Urinary,Low,No,No,No,Yes,Waking up multiple times at night to urinate.,Draft - pending clinical review
S000252,Fever with Joint Pain (Possible Dengue/Chikungunya),बुखार के साथ जोड़ों में दर्द (डेंगू/चिकनगुनिया),તાવ સાથે સાંધામાં દુખાવો (ડેંગ્યુ/ચિકનગુનિયા),Infectious Diseases,Infectious Diseases,High,Yes,Yes,Yes,Yes,"Fever combined with significant joint pain, common with mosquito-borne illnesses in India.",Draft - pending clinical review
S000253,Fever with Chills and Sweating (Possible Malaria),बुखार के साथ ठंड और पसीना (मलेरिया),તાવ સાથે ઠંડી અને પરસેવો (મેલેરિયા),Infectious Diseases,Infectious Diseases,High,Yes,Yes,Yes,Yes,"Cyclical fever with chills and heavy sweating, a pattern typical of malaria.",Draft - pending clinical review
S000254,"Prolonged Fever (more than 2 weeks, Possible Typhoid)",2 हफ्तों से ज़्यादा बुखार (टाइफाइड),2 અઠવાડિયાથી વધુ તાવ (ટાઇફોઇડ),Infectious Diseases,Infectious Diseases,High,Yes,Yes,Yes,Yes,"Fever persisting for more than two weeks, which needs evaluation for causes such as typhoid or tuberculosis.",Draft - pending clinical review
S000255,Fever with Rash and Red Eyes,बुखार के साथ दाने और आंखों की लालिमा,તાવ સાથે ચકામા અને આંખોની લાલાશ,Infectious Diseases,Infectious Diseases,Medium,No,Yes,Yes,No,"Fever accompanied by a skin rash and red eyes, seen in several viral infections.",Draft - pending clinical review
S000256,Fever with Neck Stiffness (Possible Meningitis),बुखार के साथ गर्दन का अकड़ना (मेनिनजाइटिस),તાવ સાથે ગરદન અકડાવી (મેનિન્જાઇટિસ),Infectious Diseases,Infectious Diseases,High,Yes,Yes,Yes,Yes,Fever with a stiff neck is a warning sign of meningitis and needs emergency evaluation.,Draft - pending clinical review
S000257,Fever with Severe Body Ache,बुखार के साथ पूरे शरीर में तेज़ दर्द,તાવ સાથે આખા શરીરમાં તીવ્ર દુખાવો,Infectious Diseases,Infectious Diseases,Medium,No,Yes,Yes,Yes,"Fever combined with intense muscle and body aches, common in viral infections like influenza or dengue.",Draft - pending clinical review
S000258,Fever with Yellowing of Skin,बुखार के साथ पीलिया,તાવ સાથે કમળો,Infectious Diseases,Infectious Diseases,High,Yes,Yes,Yes,Yes,"Fever occurring with jaundice, which can indicate hepatitis or another liver-related infection.",Draft - pending clinical review
S000259,Swollen Lymph Nodes,लसीका ग्रंथियों में सूजन,લસિકા ગ્રંથિમાં સોજો,Infectious Diseases,Infectious Diseases,Medium,No,Yes,Yes,Yes,"Enlarged, sometimes tender lumps under the skin, often near the neck, armpit, or groin, from infection.",Draft - pending clinical review
S000260,Fever with Cough and Breathlessness,बुखार के साथ खांसी और सांस फूलना,તાવ સાથે ઉધરસ અને શ્વાસ ચઢવો,Infectious Diseases,Infectious Diseases,High,Yes,Yes,Yes,Yes,"Fever together with cough and breathing difficulty, which can indicate pneumonia or other respiratory infection.",Draft - pending clinical review
S000261,Fever with Rash and Bleeding Gums (Emergency),"बुखार, दाने और मसूड़ों से खून आना","તાવ, ચકામા અને પેઢામાંથી લોહી",Infectious Diseases,Infectious Diseases,High,Yes,Yes,Yes,Yes,Fever with rash and bleeding gums can indicate a severe infection with bleeding tendency — needs urgent care.,Draft - pending clinical review
S000262,Fever After Mosquito-Prone Area Travel,मच्छर वाले इलाके की यात्रा के बाद बुखार,મચ્છરવાળા વિસ્તારની મુસાફરી પછી તાવ,Infectious Diseases,Infectious Diseases,Medium,No,Yes,Yes,Yes,"New fever after travel to an area with high mosquito activity, worth mentioning to a doctor.",Draft - pending clinical review
S000263,"Fever with Low Platelet Signs (Bruising, Bleeding Gums)",बुखार के साथ प्लेटलेट कम होने के लक्षण,તાવ સાથે પ્લેટલેટ ઓછું થવાના ચિહ્નો,Infectious Diseases,Infectious Diseases,High,Yes,Yes,Yes,Yes,"Fever with easy bruising or bleeding gums can indicate a drop in platelet count, seen in dengue.",Draft - pending clinical review
S000264,Fever Not Responding to Medication,दवा से न उतरने वाला बुखार,દવાથી ન ઊતરતો તાવ,Infectious Diseases,Infectious Diseases,Medium,No,Yes,Yes,Yes,"Fever that continues despite standard fever-reducing medication, which needs medical review.",Draft - pending clinical review
S000265,Animal Bite with Wound,जानवर के काटने से घाव,પ્રાણીના કરડવાથી ઘા,Infectious Diseases,Infectious Diseases,High,Yes,Yes,Yes,Yes,"A bite wound from an animal, which needs prompt cleaning and medical evaluation for infection or rabies risk.",Draft - pending clinical review
S000266,Skin Sores with Fever,बुखार के साथ त्वचा पर घाव,તાવ સાથે ત્વચા પર ચાંદા,Infectious Diseases,Infectious Diseases,Medium,No,Yes,Yes,Yes,"Skin sores appearing together with fever, which may indicate a spreading infection.",Draft - pending clinical review
S000267,Poor Feeding in Infant,शिशु का ठीक से दूध न पीना,શિશુનું બરાબર દૂધ ન પીવું,Pediatric,Pediatric,Medium,No,Yes,No,No,An infant feeding less than usual or refusing feeds.,Draft - pending clinical review
S000268,Excessive Crying in Infant,शिशु का अत्यधिक रोना,શિશુનું વધુ પડતું રડવું,Pediatric,Pediatric,Medium,No,Yes,No,No,"Crying that is unusually prolonged, intense, or inconsolable in an infant.",Draft - pending clinical review
S000269,Delayed Developmental Milestones,विकास में देरी,વિકાસમાં વિલંબ,Pediatric,Pediatric,Medium,No,Yes,No,No,"A child not reaching expected physical, speech, or social milestones on time.",Draft - pending clinical review
S000270,High Fever in Infant Under 3 Months,3 महीने से कम उम्र के शिशु में तेज़ बुखार,3 મહિનાથી ઓછી ઉંમરના શિશુમાં તાવ,Pediatric,Pediatric,High,Yes,Yes,No,No,Any fever in an infant under three months old needs immediate medical evaluation.,Draft - pending clinical review
S000271,Bulging Soft Spot in Infant,शिशु के सिर का नरम हिस्सा उभरना,શિશુના માથાનો નરમ ભાગ ઉપસવો,Pediatric,Pediatric,High,Yes,Yes,No,No,"A bulging fontanelle (soft spot) in an infant's head, which can indicate raised pressure and needs urgent care.",Draft - pending clinical review
S000272,Lethargy in Infant,शिशु में सुस्ती,શિશુમાં સુસ્તી,Pediatric,Pediatric,High,Yes,Yes,No,No,"An infant who is unusually inactive, hard to wake, or unresponsive — needs prompt evaluation.",Draft - pending clinical review
S000273,Difficulty Breathing in Infant,शिशु को सांस लेने में तकलीफ,શિશુને શ્વાસ લેવામાં તકલીફ,Pediatric,Pediatric,High,Yes,Yes,No,No,Any visible breathing difficulty in an infant is an emergency.,Draft - pending clinical review
S000274,Refusal to Feed,दूध पीने से इनकार करना,દૂધ પીવાનો ઇનકાર,Pediatric,Pediatric,Medium,No,Yes,No,No,"A baby consistently refusing to feed, which can be a sign of illness.",Draft - pending clinical review
S000275,Seizures with Fever in Child (Febrile Seizure),बच्चे में बुखार के साथ दौरे,બાળકમાં તાવ સાથે હુમલા,Pediatric,Pediatric,High,Yes,Yes,No,No,Convulsions occurring with fever in a young child — needs prompt medical evaluation.,Draft - pending clinical review
S000276,Rash with Fever in Child,बच्चे में बुखार के साथ दाने,બાળકમાં તાવ સાથે ચકામા,Pediatric,Pediatric,Medium,No,Yes,No,No,"A skin rash appearing alongside fever in a child, seen in several childhood illnesses.",Draft - pending clinical review
S000277,"Dehydration Signs in Child (Dry Mouth, Few Wet Diapers)",बच्चे में पानी की कमी के लक्षण,બાળકમાં પાણીની ઉણપના ચિહ્નો,Pediatric,Pediatric,High,Yes,Yes,No,No,Signs like a dry mouth or reduced urination in a child that suggest dehydration.,Draft - pending clinical review
S000278,Poor Weight Gain in Infant,शिशु का वजन ठीक से न बढ़ना,શિશુનું વજન બરાબર ન વધવું,Pediatric,Pediatric,Medium,No,Yes,No,No,An infant gaining weight more slowly than expected for their age.,Draft - pending clinical review
S000279,Irritability in Infant,शिशु में चिड़चिड़ापन,શિશુમાં ચીડિયાપણું,Pediatric,Pediatric,Medium,No,Yes,No,No,An infant who is unusually fussy or difficult to console.,Draft - pending clinical review
S000280,Bluish Lips in Infant,शिशु के होंठों का नीला पड़ना,શિશુના હોઠનું ભૂરું પડવું,Pediatric,Pediatric,High,Yes,Yes,No,No,Bluish discoloration of an infant's lips indicates low oxygen and is a medical emergency.,Draft - pending clinical review
